step,gap_score,left_score,right_score,energy,z_t_norm,z0_hat_norm
999,-0.11406716704368591,-0.06731867045164108,-0.07348887622356415,-0.022813433781266212,181.4003448486328,693.0762329101562
998,-0.2544010281562805,-0.178266242146492,-0.19054420292377472,-0.0509769469499588,174.25169372558594,681.8031005859375
997,-0.29241153597831726,-0.19423383474349976,-0.20699095726013184,-0.058686528354883194,171.47305297851562,666.8270874023438
996,-0.298878937959671,-0.18535664677619934,-0.20514793694019318,-0.06006535515189171,170.2142333984375,650.4630126953125
995,-0.29739031195640564,-0.17388403415679932,-0.2010282278060913,-0.0598403699696064,169.5615997314453,632.3087158203125
994,-0.2896162271499634,-0.15510323643684387,-0.1936665028333664,-0.058331578969955444,169.1950225830078,613.2581787109375
993,-0.2580772638320923,-0.12138456106185913,-0.16973777115345,-0.052004843950271606,168.98269653320312,594.8499145507812
992,-0.184205561876297,-0.06144658848643303,-0.12193624675273895,-0.03709695488214493,168.86216735839844,576.8170166015625
991,-0.07898487150669098,0.014018448069691658,-0.059402842074632645,-0.015815846621990204,168.80078125,559.3804931640625
990,0.04422516003251076,0.09672226756811142,0.01100898813456297,0.009153567254543304,168.78038024902344,543.5997314453125
989,0.1671268343925476,0.175724595785141,0.07885868847370148,0.03411013260483742,168.78993225097656,528.588623046875
988,0.27831414341926575,0.24498458206653595,0.13863161206245422,0.056739527732133865,168.82252502441406,513.8619384765625
987,0.37623488903045654,0.3060384690761566,0.19475430250167847,0.07674932479858398,168.87396240234375,500.6715087890625
986,0.45347779989242554,0.35878491401672363,0.24478819966316223,0.09265705198049545,168.9417266845703,489.8778991699219
985,0.5069764256477356,0.39953362941741943,0.28486397862434387,0.10381079465150833,169.02378845214844,480.1590576171875
984,0.5408433079719543,0.4287676513195038,0.31264322996139526,0.11099742352962494,169.11827087402344,469.641357421875
983,0.5621484518051147,0.4506293535232544,0.33301079273223877,0.11564933508634567,169.22366333007812,458.6300964355469
982,0.5758979320526123,0.46731168031692505,0.34960848093032837,0.11878019571304321,169.3392333984375,448.8962707519531
981,0.5837410092353821,0.48078852891921997,0.3622455596923828,0.12072055041790009,169.4650421142578,441.8076477050781
980,0.587643563747406,0.4914613962173462,0.37096935510635376,0.12185446918010712,169.601318359375,437.87493896484375
979,0.5892740488052368,0.4995555281639099,0.377179890871048,0.12251625210046768,169.74783325195312,435.4909973144531
978,0.5900132656097412,0.5057849287986755,0.38245588541030884,0.12299080938100815,169.9033966064453,431.7503356933594
977,0.5905638337135315,0.5109896063804626,0.3878172039985657,0.12342910468578339,170.0663299560547,425.12158203125
976,0.5909417867660522,0.51528400182724,0.39296823740005493,0.12383158504962921,170.23532104492188,416.3438415527344
975,0.5905077457427979,0.5186643600463867,0.3971784710884094,0.12406516820192337,170.40966796875,407.6712646484375
974,0.5893509387969971,0.5216881036758423,0.4000527262687683,0.12414711713790894,170.58929443359375,401.2543029785156
973,0.5877803564071655,0.5244389772415161,0.40170881152153015,0.12413813173770905,170.7742462158203,397.8061828613281
972,0.5860475301742554,0.5265545845031738,0.40234535932540894,0.12408385425806046,170.96449279785156,396.9171142578125
971,0.5841856002807617,0.5281840562820435,0.4027709364891052,0.12399955838918686,171.15969848632812,397.30029296875
970,0.5822795629501343,0.5294244289398193,0.4035249352455139,0.12390836328268051,171.359130859375,396.7271423339844
969,0.5805374383926392,0.5302429795265198,0.4047815203666687,0.12385231256484985,171.56192016601562,393.6194152832031
968,0.5791559219360352,0.5308537483215332,0.4062298536300659,0.12386830151081085,171.76730346679688,389.1725158691406
967,0.5781769752502441,0.531572163105011,0.4075128436088562,0.12396368384361267,171.97486877441406,385.46600341796875
966,0.5772759318351746,0.532329261302948,0.4085354804992676,0.12407321482896805,172.18434143066406,382.7676086425781
965,0.5763072371482849,0.5331921577453613,0.40930211544036865,0.12416940182447433,172.39566040039062,380.84088134765625
964,0.5753210783004761,0.5337672829627991,0.4094720780849457,0.12425152212381363,172.6090545654297,380.61480712890625
963,0.5742840766906738,0.5337828397750854,0.4090811014175415,0.12430867552757263,172.8243408203125,381.65032958984375
962,0.5733423829078674,0.534112274646759,0.4089999496936798,0.12439354509115219,173.0400390625,381.0464172363281
961,0.5726964473724365,0.5349335074424744,0.4097442626953125,0.12455593049526215,173.25453186035156,378.0005187988281
960,0.5723291635513306,0.535922646522522,0.41055017709732056,0.12477695941925049,173.46730041503906,374.6971740722656
959,0.5720391869544983,0.5366511344909668,0.41094574332237244,0.12500368058681488,173.67860412597656,373.04083251953125
958,0.5717766284942627,0.5371886491775513,0.41124969720840454,0.1252320408821106,173.8886260986328,372.5054016113281
957,0.5716232657432556,0.5376772284507751,0.41192227602005005,0.12548746168613434,174.09744262695312,371.5257873535156
956,0.5713871121406555,0.5378373265266418,0.41296520829200745,0.1257287710905075,174.304931640625,369.46710205078125
955,0.5710851550102234,0.5378788709640503,0.41371938586235046,0.1259513646364212,174.510986328125,367.3128662109375
954,0.5707718133926392,0.5381955504417419,0.4140508770942688,0.12616987526416779,174.71563720703125,366.0183410644531
953,0.5707367062568665,0.5387880802154541,0.414342999458313,0.12644648551940918,174.91851806640625,365.094970703125
952,0.5709852576255798,0.5396988391876221,0.4150843620300293,0.126792311668396,175.11868286132812,363.6106262207031
951,0.5713142156600952,0.5404230356216431,0.4158473014831543,0.1271515190601349,175.31588745117188,362.3147888183594
950,0.571584939956665,0.540580689907074,0.41625088453292847,0.12748251855373383,175.51100158691406,362.22357177734375
949,0.5718405246734619,0.5404996275901794,0.41650038957595825,0.12780314683914185,175.70474243164062,362.416259765625
948,0.5720641016960144,0.5406016111373901,0.41698452830314636,0.12812624871730804,175.89671325683594,361.78021240234375
947,0.5722677707672119,0.541109025478363,0.4175695776939392,0.1284565031528473,176.0860137939453,360.7245788574219
946,0.5725463628768921,0.5419106483459473,0.41825997829437256,0.12881021201610565,176.27186584472656,359.4658203125
945,0.5730690956115723,0.542779803276062,0.4190889298915863,0.12921564280986786,176.4541015625,358.1692199707031
944,0.573548436164856,0.5433350801467896,0.41958051919937134,0.1295996904373169,176.63323974609375,357.7212219238281
943,0.5738754272460938,0.5436240434646606,0.41950950026512146,0.1299370378255844,176.80982971191406,358.3894348144531
942,0.5740724802017212,0.5440648794174194,0.41939616203308105,0.1302524358034134,176.983642578125,359.0440979003906
941,0.5743317008018494,0.5447173714637756,0.41972339153289795,0.130594864487648,177.15419006347656,358.72265625
940,0.5747799277305603,0.5454349517822266,0.4204269349575043,0.13098396360874176,177.32130432128906,357.9208068847656
939,0.5753746032714844,0.5459995269775391,0.4209061861038208,0.1313924938440323,177.48513793945312,357.52398681640625
938,0.5762536525726318,0.5465614199638367,0.42145514488220215,0.13185665011405945,177.6457061767578,357.1301574707031
937,0.5772528648376465,0.5470793843269348,0.4223613739013672,0.13235168159008026,177.8027801513672,355.70428466796875
936,0.5781670808792114,0.5477501749992371,0.42368829250335693,0.13284598290920258,177.956298828125,353.3276062011719
935,0.5788412690162659,0.5484679341316223,0.42482221126556396,0.13329283893108368,178.1063690185547,351.1806945800781
934,0.5794658064842224,0.5491911172866821,0.42551299929618835,0.1337202489376068,178.25311279296875,350.1225891113281
933,0.580184817314148,0.5498664975166321,0.4259045124053955,0.1341570019721985,178.39671325683594,350.0393371582031
932,0.5809171199798584,0.5502210855484009,0.4261212944984436,0.13458351790905,178.53775024414062,350.45703125
931,0.5815161466598511,0.5502989888191223,0.4261413812637329,0.1349724680185318,178.67678833007812,351.0440673828125
930,0.582075834274292,0.5504722595214844,0.4262266159057617,0.13535834848880768,178.81402587890625,351.13531494140625
929,0.5826994180679321,0.5508036613464355,0.42666691541671753,0.1357704997062683,178.94918823242188,350.5064697265625
928,0.5833919644355774,0.5511889457702637,0.42707711458206177,0.13619650900363922,179.08213806152344,349.9894714355469
927,0.5842139720916748,0.5516272187232971,0.4272814691066742,0.1366424858570099,179.21286010742188,350.2692565917969
926,0.5851434469223022,0.5521988868713379,0.4276306927204132,0.1371167153120041,179.34130859375,350.7410888671875
925,0.5862164497375488,0.5530833601951599,0.42850634455680847,0.1376427412033081,179.46726989746094,350.1780700683594
924,0.5873045921325684,0.5541706681251526,0.42983534932136536,0.13819225132465363,179.59056091308594,348.3010559082031
923,0.5882933139801025,0.5551353096961975,0.4310673475265503,0.13871823251247406,179.71148681640625,346.2701721191406
922,0.5891373157501221,0.5556560158729553,0.4317680597305298,0.13918878138065338,179.83102416992188,345.582275390625
921,0.5899656414985657,0.5559167265892029,0.43206050992012024,0.13963621854782104,179.94989013671875,346.36273193359375
920,0.5908330678939819,0.5562759637832642,0.43221092224121094,0.14008955657482147,180.0677947998047,347.3197326660156
919,0.5918762683868408,0.5569058060646057,0.4326986074447632,0.14059481024742126,180.18423461914062,347.244873046875
918,0.593147337436676,0.5576894283294678,0.4336283802986145,0.14116171002388,180.29920959472656,346.26239013671875
917,0.5944498181343079,0.5585101842880249,0.4346151351928711,0.14173835515975952,180.41297912597656,345.3814697265625
916,0.5955127477645874,0.5591216087341309,0.43516141176223755,0.14225038886070251,180.52590942382812,345.4209899902344
915,0.5963737964630127,0.5595864057540894,0.4353913366794586,0.1427103579044342,180.63816833496094,345.9203186035156
914,0.5973316431045532,0.5602422952651978,0.43594568967819214,0.14320582151412964,180.7494354248047,345.43115234375
913,0.5985799431800842,0.5610819458961487,0.4369407296180725,0.14377646148204803,180.85946655273438,343.9903564453125
912,0.5999265313148499,0.5617481470108032,0.43771499395370483,0.1443522870540619,180.96868896484375,343.2998352050781
911,0.6012281179428101,0.5622590184211731,0.43803825974464417,0.1448991298675537,181.07763671875,343.6248779296875
910,0.6024607419967651,0.5630193948745728,0.4385891556739807,0.14545057713985443,181.18630981445312,343.4635314941406
909,0.603613018989563,0.5640523433685303,0.4395085573196411,0.14601105451583862,181.29441833496094,342.45703125
908,0.604619026184082,0.5649374127388,0.4402546286582947,0.14653433859348297,181.4019775390625,341.77398681640625
907,0.6056203842163086,0.565537691116333,0.44083645939826965,0.14704115688800812,181.50929260253906,341.5130920410156
906,0.6067389845848083,0.5660527348518372,0.4415697455406189,0.14757223427295685,181.61648559570312,340.8450012207031
905,0.6079822778701782,0.5666000843048096,0.4422471523284912,0.148125559091568,181.72373962402344,340.13104248046875
904,0.6092033386230469,0.56712806224823,0.44249629974365234,0.1486583650112152,181.8314666748047,340.4130554199219
903,0.6102877855300903,0.567671537399292,0.44260460138320923,0.14916174113750458,181.93983459472656,341.311767578125
902,0.6112651824951172,0.5684112310409546,0.44306397438049316,0.1496671438217163,182.04867553710938,341.3429260253906
901,0.6123161315917969,0.569297730922699,0.4438903331756592,0.1502065509557724,182.1579132080078,340.5954284667969
900,0.6134495735168457,0.5699131488800049,0.4444785416126251,0.1507415771484375,182.26785278320312,340.5276184082031
899,0.6147204637527466,0.5703296661376953,0.4448387920856476,0.15128475427627563,182.37860107421875,341.1176452636719
898,0.6160192489624023,0.5709028840065002,0.44531339406967163,0.15184403955936432,182.48973083496094,341.0804748535156
897,0.6172490119934082,0.5716826915740967,0.4459303915500641,0.1524054855108261,182.60113525390625,340.3504943847656
896,0.6184177994728088,0.5724174976348877,0.4464174807071686,0.15294942259788513,182.71315002441406,339.91619873046875
895,0.6195627450942993,0.5731732249259949,0.447043240070343,0.15349623560905457,182.82603454589844,339.4495544433594
894,0.6208490133285522,0.5741603970527649,0.4480958580970764,0.15409666299819946,182.9397735595703,338.35797119140625
893,0.6221822500228882,0.5751532912254333,0.44906896352767944,0.15470348298549652,183.054443359375,337.5701599121094
892,0.623468816280365,0.5758809447288513,0.44950342178344727,0.1552685648202896,183.1702117919922,337.7895812988281
891,0.6246716380119324,0.5764898657798767,0.4497656524181366,0.1558065265417099,183.28709411621094,338.18658447265625
890,0.6258470416069031,0.57719886302948,0.45026344060897827,0.15635448694229126,183.40493774414062,337.8741455078125
889,0.62696373462677,0.5779459476470947,0.4509105682373047,0.15690073370933533,183.52381896972656,337.0198059082031
888,0.6280156970024109,0.5786256790161133,0.45155850052833557,0.15743321180343628,183.64385986328125,336.0767822265625
887,0.629014790058136,0.5793200731277466,0.45223361253738403,0.15795879065990448,183.76498413085938,335.15167236328125
886,0.6300675868988037,0.5800426602363586,0.45284196734428406,0.15849286317825317,183.88714599609375,334.5204772949219
885,0.6311769485473633,0.5807160139083862,0.45313435792922974,0.15902093052864075,184.0104217529297,334.6713562011719
884,0.6323674917221069,0.5811970829963684,0.45320722460746765,0.15954472124576569,184.1351318359375,335.59295654296875
883,0.633556604385376,0.5816582441329956,0.45344114303588867,0.16007477045059204,184.26136779785156,336.254638671875
882,0.6347760558128357,0.5823984146118164,0.45429158210754395,0.16065223515033722,184.3888702392578,335.5836181640625
881,0.6360296607017517,0.5834208130836487,0.4554559886455536,0.16126467287540436,184.51747131347656,333.92974853515625
880,0.6373414993286133,0.5843900442123413,0.45636218786239624,0.16187377274036407,184.64723205566406,332.63458251953125
879,0.6386575698852539,0.585106611251831,0.4568514823913574,0.16245244443416595,184.77847290039062,332.3641052246094
878,0.6398801803588867,0.5855250358581543,0.45700591802597046,0.1629844307899475,184.91127014160156,332.79736328125
877,0.6409251689910889,0.5858429670333862,0.4570459723472595,0.16347473859786987,185.04563903808594,333.3073425292969
876,0.6418864727020264,0.5862039923667908,0.45729225873947144,0.1639624983072281,185.1814727783203,333.4391174316406
875,0.6429102420806885,0.5866744518280029,0.4578157663345337,0.16448049247264862,185.3188018798828,333.17999267578125
874,0.6439909338951111,0.5871432423591614,0.45829400420188904,0.16500648856163025,185.45767211914062,332.9951477050781
873,0.6450281143188477,0.5875541567802429,0.45845043659210205,0.165506049990654,185.59808349609375,333.1550598144531
872,0.6460571885108948,0.58803790807724,0.4585237503051758,0.16600371897220612,185.73992919921875,333.24688720703125
871,0.6470998525619507,0.5886574983596802,0.45883816480636597,0.16652309894561768,185.8831787109375,332.93048095703125
870,0.6480185985565186,0.5891270041465759,0.4591602683067322,0.16701388359069824,186.0280303955078,332.7567443847656
869,0.6488564610481262,0.5893239378929138,0.45937657356262207,0.16747117042541504,186.17462158203125,332.9519958496094
868,0.6496638655662537,0.5895403623580933,0.459667444229126,0.1679280698299408,186.32286071777344,332.7972717285156
867,0.6505281925201416,0.5900231599807739,0.4600745439529419,0.16841518878936768,186.4725799560547,332.0786437988281
866,0.6514166593551636,0.5905365943908691,0.4603356719017029,0.16890068352222443,186.62368774414062,331.7247619628906
865,0.6522549390792847,0.5909203290939331,0.46030285954475403,0.16935503482818604,186.7762908935547,332.0485534667969
864,0.6530619859695435,0.5912084579467773,0.46034449338912964,0.16980278491973877,186.9304962158203,332.42059326171875
863,0.6538814902305603,0.5913724303245544,0.4603738784790039,0.1702452003955841,187.0863494873047,332.71636962890625
862,0.654724657535553,0.5915505290031433,0.46046769618988037,0.17069584131240845,187.24380493164062,332.8276672363281
861,0.6556006073951721,0.5920161008834839,0.460806280374527,0.17118141055107117,187.40272521972656,332.2294921875
860,0.6564799547195435,0.5927251577377319,0.46131402254104614,0.17169083654880524,187.56295776367188,331.2386779785156
859,0.6572310328483582,0.5932598114013672,0.46147871017456055,0.17214980721473694,187.72459411621094,330.82086181640625
858,0.6579167246818542,0.5935534238815308,0.46141737699508667,0.17257145047187805,187.8877716064453,331.0002136230469
857,0.6586198806762695,0.5938947200775146,0.46161770820617676,0.1730135679244995,188.05250549316406,330.82379150390625
856,0.6593379974365234,0.5941931009292603,0.46196335554122925,0.17346429824829102,188.21888732910156,330.38958740234375
855,0.6598990559577942,0.5940986275672913,0.46188122034072876,0.17384102940559387,188.38705444335938,330.7210388183594
854,0.6602743864059448,0.5937504172325134,0.4614048898220062,0.17414803802967072,188.55702209472656,331.7110595703125
853,0.6606528162956238,0.5936895608901978,0.46105533838272095,0.17447896301746368,188.7285614013672,332.1877746582031
852,0.6612424254417419,0.5941692590713501,0.4612041115760803,0.17490658164024353,188.90133666992188,331.45208740234375
851,0.6619593501091003,0.5947909355163574,0.4616515636444092,0.17538227140903473,189.07525634765625,330.1464538574219
850,0.6625872254371643,0.5951755046844482,0.46183252334594727,0.17581331729888916,189.2505340576172,329.39794921875
849,0.6630508899688721,0.5952869057655334,0.4617075026035309,0.17618189752101898,189.4273681640625,329.4248046875
848,0.663415789604187,0.5953783392906189,0.46152448654174805,0.17652878165245056,189.60577392578125,329.5638122558594
847,0.6637277603149414,0.595488429069519,0.4614052176475525,0.17687149345874786,189.78570556640625,329.5501403808594
846,0.6639954447746277,0.5955134630203247,0.4612278640270233,0.17719779908657074,189.96719360351562,329.6214904785156
845,0.6642524003982544,0.5954996943473816,0.46100324392318726,0.17751675844192505,190.1501922607422,329.7885437011719
844,0.6646376252174377,0.5955078601837158,0.4608635902404785,0.1778637319803238,190.33460998535156,329.845458984375
843,0.6650816202163696,0.5955277681350708,0.46079427003860474,0.17822548747062683,190.52037048339844,329.75323486328125
842,0.6655195355415344,0.5955973267555237,0.46067243814468384,0.17858582735061646,190.7074737548828,329.6947326660156
841,0.6658415198326111,0.5955856442451477,0.4603756070137024,0.17891022562980652,190.89593505859375,329.8403625488281
840,0.6660332679748535,0.5955473184585571,0.4600016176700592,0.17920571565628052,191.08584594726562,329.9352111816406
839,0.6662591695785522,0.5956748127937317,0.4598376750946045,0.17953062057495117,191.2770233154297,329.5320739746094
838,0.6665709018707275,0.5958962440490723,0.45990079641342163,0.17989051342010498,191.46942138671875,328.78076171875
837,0.6668282747268677,0.595927894115448,0.4597904682159424,0.18021783232688904,191.6631317138672,328.3371276855469
836,0.667015552520752,0.5958251953125,0.4595034122467041,0.1805129498243332,191.85818481445312,328.3310546875
835,0.6671581268310547,0.5957908034324646,0.45929786562919617,0.18081003427505493,192.05459594726562,328.2199401855469
834,0.6672495603561401,0.595721423625946,0.4591059982776642,0.18109692633152008,192.25244140625,328.0353088378906
833,0.6672459840774536,0.5954760313034058,0.45864027738571167,0.18133783340454102,192.45172119140625,328.13238525390625
832,0.6672310829162598,0.595232367515564,0.4581255316734314,0.18157313764095306,192.65240478515625,328.2045593261719
831,0.6673417687416077,0.5952511429786682,0.457960844039917,0.18186992406845093,192.85438537597656,327.6998596191406
830,0.6675279140472412,0.5953924059867859,0.4580475091934204,0.18220439553260803,193.05758666992188,326.9272155761719
829,0.6675417423248291,0.5953270196914673,0.4578391909599304,0.1824761927127838,193.26205444335938,326.55780029296875
828,0.6673886775970459,0.595017671585083,0.4573434889316559,0.18268375098705292,193.46780395507812,326.54827880859375
827,0.6672452688217163,0.5946807861328125,0.4568796753883362,0.18289262056350708,193.6747283935547,326.3729248046875
826,0.6671410799026489,0.5944089293479919,0.4564383625984192,0.1831134557723999,193.88275146484375,326.1143798828125
825,0.6670112013816833,0.594049870967865,0.4557943642139435,0.18330933153629303,194.09197998046875,326.3532409667969
824,0.6667787432670593,0.5935766100883484,0.4550042450428009,0.1834692656993866,194.3025360107422,326.8994140625
823,0.6665909290313721,0.593207597732544,0.45440179109573364,0.1836562156677246,194.514404296875,327.0199279785156
822,0.6664022207260132,0.5929327011108398,0.4540259540081024,0.18386507034301758,194.7274932861328,326.7716064453125
821,0.6660500764846802,0.592545211315155,0.45352059602737427,0.18402934074401855,194.94186401367188,326.75177001953125
820,0.6656026840209961,0.5920178294181824,0.4528011083602905,0.1841520369052887,195.1574249267578,327.00482177734375
819,0.6651758551597595,0.5914928317070007,0.4519388675689697,0.18426716327667236,195.37411499023438,327.1554260253906
818,0.6648241877555847,0.5909801125526428,0.4511036276817322,0.18439650535583496,195.59190368652344,327.128662109375
817,0.6645315885543823,0.5905286073684692,0.4504372775554657,0.18455132842063904,195.8108367919922,327.0177307128906
816,0.664269208908081,0.5902245044708252,0.4499760568141937,0.18473614752292633,196.0308380126953,326.78973388671875
815,0.6639876961708069,0.5899829268455505,0.44956645369529724,0.18492576479911804,196.2519073486328,326.5009460449219
814,0.6636740565299988,0.5897634625434875,0.44916749000549316,0.1851121485233307,196.47406005859375,326.2341613769531
813,0.6633310317993164,0.5895318388938904,0.4489416480064392,0.18530535697937012,196.69732666015625,325.7906188964844
812,0.6630050539970398,0.5893028378486633,0.44876861572265625,0.18550527095794678,196.9217071533203,325.1003112792969
811,0.662539005279541,0.5888822078704834,0.4481576681137085,0.18563485145568848,197.147216796875,324.65771484375
810,0.6619077920913696,0.5882790088653564,0.4471052885055542,0.1856898069381714,197.37380981445312,324.7386474609375
809,0.6612443923950195,0.5876642465591431,0.4461497366428375,0.18574495613574982,197.60150146484375,324.8850402832031
808,0.6607076525688171,0.5871966481208801,0.445534884929657,0.185856893658638,197.8302459716797,324.6888732910156
807,0.6601764559745789,0.5867766737937927,0.4449627101421356,0.185976043343544,198.05995178222656,324.4610900878906
806,0.6594070196151733,0.586033821105957,0.44389310479164124,0.1859927773475647,198.29066467285156,324.7293395996094
805,0.6583890318870544,0.5849769115447998,0.44239935278892517,0.18591094017028809,198.5224151611328,325.3795471191406
804,0.6573022603988647,0.5838590860366821,0.44092047214508057,0.1858128309249878,198.7552947998047,325.8786315917969
803,0.6562923789024353,0.5829604268074036,0.43968331813812256,0.18576158583164215,198.98922729492188,325.9815368652344
802,0.6554798483848572,0.5824066400527954,0.4387637972831726,0.18579299747943878,199.22410583496094,325.74755859375
801,0.6549220085144043,0.5821234583854675,0.4382184147834778,0.1859154999256134,199.45986938476562,325.1864013671875
800,0.6543765068054199,0.5818971991539001,0.4378899335861206,0.18606136739253998,199.69656372070312,324.50341796875
799,0.6536263227462769,0.5813987851142883,0.4372915029525757,0.1861308366060257,199.93418884277344,324.1447448730469
798,0.6526270508766174,0.5805975198745728,0.43624264001846313,0.1860993206501007,200.17283630371094,324.14044189453125
797,0.6515631675720215,0.579736590385437,0.4350505471229553,0.1860400140285492,200.41246032714844,324.08331298828125
796,0.6505457162857056,0.5789378881454468,0.4339697062969208,0.1860009729862213,200.653076171875,323.8975524902344
795,0.6494600772857666,0.5780603289604187,0.4328998923301697,0.18594445288181305,200.89471435546875,323.9422302246094
794,0.648350179195404,0.5771580934524536,0.4318408668041229,0.18588179349899292,201.13729858398438,324.0760803222656
793,0.6473279595375061,0.576413631439209,0.4308757483959198,0.18585272133350372,201.3808135986328,323.93756103515625
792,0.6463069319725037,0.5756845474243164,0.4298444390296936,0.1858186423778534,201.6251678466797,323.7113037109375
791,0.6451462507247925,0.5748541951179504,0.4285818934440613,0.18573375046253204,201.8704071044922,323.71942138671875
790,0.6439072489738464,0.5738999247550964,0.42719215154647827,0.18561427295207977,202.11651611328125,323.90093994140625
789,0.6426888704299927,0.5729729533195496,0.42583513259887695,0.18550167977809906,202.36354064941406,324.0600891113281
788,0.6414769887924194,0.5720811486244202,0.42451760172843933,0.18539509177207947,202.61143493652344,324.2113952636719
787,0.6402853727340698,0.5712553858757019,0.42326635122299194,0.18530166149139404,202.86016845703125,324.3173828125
786,0.6391802430152893,0.5705212354660034,0.4221271276473999,0.18523801863193512,203.10972595214844,324.2041931152344
785,0.6380476951599121,0.5698086023330688,0.4210658073425293,0.1851775199174881,203.36009216308594,323.9316101074219
784,0.6366247534751892,0.5688061714172363,0.41981789469718933,0.18502944707870483,203.61134338378906,323.9517517089844
783,0.6348674297332764,0.5674657821655273,0.4182274639606476,0.1847689002752304,203.8636016845703,324.5134582519531
782,0.633146345615387,0.5661293268203735,0.4165871739387512,0.18450839817523956,204.1167449951172,325.1654968261719
781,0.6318312287330627,0.56522136926651,0.41529661417007446,0.18437758088111877,204.37063598632812,325.1525573730469
780,0.630901038646698,0.5647299885749817,0.41441506147384644,0.18437805771827698,204.6251983642578,324.37408447265625
779,0.6299567222595215,0.5642356276512146,0.4136461615562439,0.1843852400779724,204.88040161132812,323.4407653808594
778,0.6289217472076416,0.5635606050491333,0.41281038522720337,0.18435576558113098,205.13636779785156,322.79608154296875
777,0.6278150081634521,0.5627676248550415,0.4118022918701172,0.18428854644298553,205.39317321777344,322.6007385253906
776,0.6263570785522461,0.5616834759712219,0.4103601574897766,0.18410101532936096,205.65081787109375,323.114013671875
775,0.624456524848938,0.5602973699569702,0.40852832794189453,0.18378132581710815,205.90936279296875,324.1008605957031
774,0.6226761341094971,0.559146523475647,0.40699249505996704,0.18352630734443665,206.168701171875,324.52227783203125
773,0.6213955283164978,0.5585859417915344,0.4060347080230713,0.18345290422439575,206.42872619628906,323.90850830078125
772,0.620229959487915,0.5580924153327942,0.4051370918750763,0.18340815603733063,206.68939208984375,323.1025695800781
771,0.6188727617263794,0.5573182106018066,0.40397006273269653,0.18328295648097992,206.9508056640625,322.8203430175781
770,0.6174882054328918,0.5563551187515259,0.4027943015098572,0.18313440680503845,207.21295166015625,322.7477111816406
769,0.6162429451942444,0.555475652217865,0.4018183946609497,0.18303224444389343,207.4759063720703,322.5783996582031
768,0.6148660778999329,0.5545622110366821,0.400793194770813,0.18290117383003235,207.7396240234375,322.5433654785156
767,0.6132601499557495,0.5535657405853271,0.39959830045700073,0.1827104538679123,208.00405883789062,322.6043701171875
766,0.6116519570350647,0.5526489019393921,0.3984004259109497,0.1825254261493683,208.2691650390625,322.4831848144531
765,0.6101024150848389,0.5517740249633789,0.3971732258796692,0.18234950304031372,208.53497314453125,322.2419738769531
764,0.6086196303367615,0.5508910417556763,0.3958158791065216,0.18216972053050995,208.80145263671875,322.08966064453125
763,0.6070711612701416,0.5498455762863159,0.39431142807006836,0.1819494366645813,209.06858825683594,322.1380615234375
762,0.6052533388137817,0.5485854148864746,0.39259961247444153,0.18164660036563873,209.33644104003906,322.40435791015625
761,0.6031754612922668,0.5472162365913391,0.3908047676086426,0.18128420412540436,209.60498046875,322.7496337890625
760,0.6011389493942261,0.5459611415863037,0.3892034888267517,0.18095584213733673,209.87420654296875,322.9297180175781
759,0.5992555618286133,0.5448821187019348,0.387827605009079,0.1806878298521042,210.14407348632812,322.9454040527344
758,0.5973732471466064,0.543766975402832,0.3864670991897583,0.1804167777299881,210.41464233398438,322.9248046875
757,0.5955339670181274,0.542658805847168,0.3851453363895416,0.1801554411649704,210.68580627441406,322.75341796875
756,0.5938433408737183,0.5416271090507507,0.383945107460022,0.17993468046188354,210.95758056640625,322.39324951171875
755,0.5921884775161743,0.5406444072723389,0.38273459672927856,0.17972198128700256,211.22994995117188,322.0194091796875
754,0.590400755405426,0.5396485328674316,0.38148218393325806,0.17948274314403534,211.50299072265625,321.677490234375
753,0.588493824005127,0.5386571288108826,0.380246639251709,0.17922653257846832,211.77662658691406,321.342041015625
752,0.5866370797157288,0.5376406908035278,0.37903451919555664,0.17897671461105347,212.05091857910156,321.11480712890625
751,0.5849134922027588,0.5365850925445557,0.3777945637702942,0.17873921990394592,212.32583618164062,321.085693359375
750,0.5831425189971924,0.5354119539260864,0.37643682956695557,0.17847000062465668,212.60133361816406,321.1745300292969
749,0.5812082290649414,0.5341335535049438,0.374942421913147,0.17815075814723969,212.87747192382812,321.3410949707031
748,0.579195499420166,0.532849907875061,0.3733651041984558,0.1778094619512558,213.1542205810547,321.57183837890625
747,0.5772046446800232,0.5316629409790039,0.3718473017215729,0.17748570442199707,213.4315643310547,321.77862548828125
746,0.5753623247146606,0.5306577086448669,0.37053829431533813,0.1772223263978958,213.70950317382812,321.7763671875
745,0.573630690574646,0.5297135710716248,0.3693954348564148,0.17699745297431946,213.9880828857422,321.5302734375
744,0.5716893672943115,0.5285744667053223,0.36804163455963135,0.17669892311096191,214.26730346679688,321.32696533203125
743,0.5693154335021973,0.5271064639091492,0.36632847785949707,0.17626428604125977,214.54708862304688,321.3758850097656
742,0.5668530464172363,0.5256078243255615,0.36455538868904114,0.17580558359622955,214.82740783691406,321.3896179199219
741,0.5647647380828857,0.5244473814964294,0.36311185359954834,0.17546972632408142,215.10824584960938,321.08172607421875
740,0.5628613829612732,0.5234475135803223,0.3617532551288605,0.17518547177314758,215.38963317871094,320.8280944824219
739,0.5607608556747437,0.5222753286361694,0.36020317673683167,0.17483307421207428,215.67160034179688,321.0254821777344
738,0.5586243271827698,0.521073579788208,0.35859882831573486,0.17446522414684296,215.95416259765625,321.2488708496094
737,0.5565581321716309,0.5200095772743225,0.35711586475372314,0.1741335541009903,216.23724365234375,321.05902099609375
736,0.5541477203369141,0.5186957120895386,0.3554304242134094,0.17370231449604034,216.52078247070312,320.88299560546875
735,0.5513458847999573,0.517133355140686,0.3534786105155945,0.17315763235092163,216.80484008789062,321.07000732421875
734,0.5488138794898987,0.5157107710838318,0.35175439715385437,0.17268988490104675,217.0894012451172,321.0492858886719
733,0.5470185279846191,0.5147368907928467,0.3505142629146576,0.17242808640003204,217.37442016601562,320.5863037109375
732,0.5454046130180359,0.513805091381073,0.3492444157600403,0.17219312489032745,217.6599578857422,320.40496826171875
731,0.5433800220489502,0.5125508904457092,0.3476504981517792,0.17182758450508118,217.94606018066406,320.84405517578125
730,0.5409941077232361,0.5110887885093689,0.3459872603416443,0.17137791216373444,218.23269653320312,321.2003479003906
729,0.5384955406188965,0.5096571445465088,0.34446418285369873,0.1709286868572235,218.51980590820312,320.99420166015625
728,0.5357820987701416,0.508162796497345,0.3428560495376587,0.1704307496547699,218.80740356445312,320.7259826660156
727,0.5329074263572693,0.506591260433197,0.3411954939365387,0.16989384591579437,219.09548950195312,320.73828125
726,0.5302997827529907,0.5052580237388611,0.3397299647331238,0.16944165527820587,219.38409423828125,320.632080078125
725,0.5280812978744507,0.5041624307632446,0.33835652470588684,0.1690809428691864,219.6731414794922,320.26690673828125
724,0.5256301760673523,0.5028557777404785,0.3366206884384155,0.16862230002880096,219.962646484375,320.16900634765625
723,0.522712767124176,0.5012262463569641,0.33460816740989685,0.16802842915058136,220.25259399414062,320.5254211425781
722,0.5199058651924133,0.4997013211250305,0.33282020688056946,0.1674852818250656,220.54302978515625,320.7709655761719
721,0.5174519419670105,0.49842244386672974,0.3313891887664795,0.16705867648124695,220.83396911621094,320.66680908203125
720,0.5150938630104065,0.4971507787704468,0.3299834728240967,0.16664835810661316,221.12533569335938,320.6882019042969
719,0.5126012563705444,0.4957130551338196,0.32840895652770996,0.16617991030216217,221.41717529296875,321.0660400390625
718,0.5101017951965332,0.4942442774772644,0.32668524980545044,0.16568878293037415,221.70948791503906,321.35577392578125
717,0.5075993537902832,0.49283546209335327,0.3248840570449829,0.16519370675086975,222.0021514892578,321.2201232910156
716,0.504967451095581,0.4914174973964691,0.3230288624763489,0.16467133164405823,222.295166015625,320.87310791015625
715,0.5023672580718994,0.4899986684322357,0.3214115798473358,0.16417890787124634,222.5885772705078,320.6225891113281
714,0.5000324845314026,0.4887459874153137,0.32002443075180054,0.1637682467699051,222.8824005126953,320.42974853515625
713,0.49792560935020447,0.48770812153816223,0.31884631514549255,0.16343747079372406,223.17662048339844,320.10162353515625
712,0.4956192374229431,0.48667383193969727,0.3175714612007141,0.16306659579277039,223.4712677001953,319.7448425292969
711,0.49277564883232117,0.4853581488132477,0.3159724175930023,0.16254854202270508,223.7662811279297,319.5292663574219
710,0.4894222617149353,0.4837029278278351,0.31403595209121704,0.16187846660614014,224.06170654296875,319.5027770996094
709,0.4858432710170746,0.4818321466445923,0.31188881397247314,0.1611253321170807,224.3575439453125,319.74163818359375
708,0.4823605418205261,0.47982627153396606,0.30982506275177,0.16037803888320923,224.6538543701172,320.2627868652344
707,0.4794314503669739,0.47808346152305603,0.3080529570579529,0.1597721129655838,224.95054626464844,320.6884460449219
706,0.4769524931907654,0.476721853017807,0.3064849376678467,0.15929682552814484,225.24766540527344,320.5819396972656
705,0.47425293922424316,0.47536855936050415,0.30475878715515137,0.15877142548561096,225.54505920410156,320.2554931640625
704,0.4710042476654053,0.4737556278705597,0.30272483825683594,0.1581002026796341,225.84275817871094,320.2624816894531
703,0.4677174389362335,0.4720747470855713,0.3007255792617798,0.15741805732250214,226.14085388183594,320.5293884277344
702,0.4647900462150574,0.4705457091331482,0.2990250289440155,0.15683837234973907,226.43931579589844,320.6473083496094
701,0.46195870637893677,0.4690430164337158,0.29735857248306274,0.15627795457839966,226.73809814453125,320.6164855957031
700,0.45893681049346924,0.4674643278121948,0.2956002354621887,0.15566934645175934,227.03724670410156,320.6520690917969
699,0.4559566080570221,0.4660099744796753,0.2939220368862152,0.15508966147899628,227.3367919921875,320.580078125
698,0.45306527614593506,0.4647349715232849,0.2923126518726349,0.15455099940299988,227.63662719726562,320.2400817871094
697,0.45003390312194824,0.46339064836502075,0.29058024287223816,0.15396836400032043,227.9368133544922,319.8663635253906
696,0.4468710720539093,0.4618276357650757,0.28876614570617676,0.1533297598361969,228.23731994628906,319.76873779296875
695,0.4438280761241913,0.460223913192749,0.28692036867141724,0.15269753336906433,228.5381622314453,319.8633117675781
694,0.44094187021255493,0.4587301015853882,0.28507089614868164,0.15209856629371643,228.83932495117188,319.78839111328125
693,0.43803870677948,0.45734742283821106,0.2832392156124115,0.15151147544384003,229.14071655273438,319.4587707519531
692,0.43486225605010986,0.45597460865974426,0.28126025199890137,0.1508682370185852,229.44236755371094,319.1508483886719
691,0.43150463700294495,0.4545183777809143,0.27922260761260986,0.15018101036548615,229.7443084716797,319.0600280761719
690,0.42819395661354065,0.4529264271259308,0.2773078382015228,0.14949721097946167,230.0465087890625,319.22918701171875
689,0.42514485120773315,0.4512624442577362,0.275630921125412,0.1488686203956604,230.34912109375,319.64031982421875
688,0.42213907837867737,0.44954147934913635,0.27403920888900757,0.14824801683425903,230.65208435058594,320.1087341308594
687,0.4187868535518646,0.44779321551322937,0.27229073643684387,0.14755533635616302,230.9554443359375,320.32421875
686,0.4149639904499054,0.4460248053073883,0.2702348232269287,0.14675551652908325,231.25912475585938,320.2577819824219
685,0.41078200936317444,0.44416168332099915,0.26784613728523254,0.14585117995738983,231.56304931640625,320.13232421875
684,0.40678125619888306,0.44239479303359985,0.26549065113067627,0.14498622715473175,231.8671875,319.95831298828125
683,0.40316683053970337,0.4407924711704254,0.2633861303329468,0.14422498643398285,232.17147827148438,319.65875244140625
682,0.39943477511405945,0.4390161335468292,0.26121702790260315,0.1434158831834793,232.47598266601562,319.5828552246094
681,0.39520731568336487,0.43690675497055054,0.2587645351886749,0.14245907962322235,232.78077697753906,320.061767578125
680,0.3910335302352905,0.4348389208316803,0.2563103139400482,0.14151272177696228,233.08590698242188,320.6347351074219
679,0.38741952180862427,0.43321964144706726,0.25410473346710205,0.14072982966899872,233.39126586914062,320.6222839355469
678,0.3844892084598541,0.43202030658721924,0.25232693552970886,0.14014706015586853,233.69688415527344,320.16802978515625
677,0.3819785714149475,0.43089205026626587,0.2508777379989624,0.13967151939868927,234.00271606445312,319.9189453125
676,0.37954938411712646,0.4296737313270569,0.249553844332695,0.13921049237251282,234.30880737304688,320.0268249511719
675,0.37651994824409485,0.4281136691570282,0.24794670939445496,0.13858620822429657,234.61520385742188,320.2483825683594
674,0.37240564823150635,0.426098108291626,0.245732381939888,0.1376759260892868,234.92184448242188,320.4875183105469
673,0.36773204803466797,0.42392247915267944,0.2431686520576477,0.13662202656269073,235.228759765625,320.5846252441406
672,0.36331838369369507,0.4220520853996277,0.24058957397937775,0.13563916087150574,235.535888671875,320.32781982421875
671,0.3593195080757141,0.4204215407371521,0.23809923231601715,0.13475336134433746,235.8431396484375,319.9497375488281
670,0.3554564416408539,0.4187621474266052,0.2355733960866928,0.13387559354305267,236.1505584716797,319.8743591308594
669,0.35144490003585815,0.41688844561576843,0.23299267888069153,0.13294057548046112,236.45819091796875,320.0316162109375
668,0.34676969051361084,0.41471418738365173,0.2302212417125702,0.1318497210741043,236.7659912109375,320.0908508300781
667,0.34152504801750183,0.41236555576324463,0.2273593544960022,0.13064555823802948,237.07403564453125,320.02227783203125
666,0.33645346760749817,0.4101479947566986,0.22466617822647095,0.12950235605239868,237.38235473632812,319.9619445800781
665,0.33218103647232056,0.40837380290031433,0.22232738137245178,0.1285703331232071,237.6908721923828,320.00311279296875
664,0.32851019501686096,0.40686726570129395,0.220239520072937,0.12778626382350922,237.9995880126953,320.0660400390625
663,0.32460612058639526,0.40525537729263306,0.2178264856338501,0.12691189348697662,238.3084259033203,319.9639892578125
662,0.32011377811431885,0.40335813164711,0.21490861475467682,0.12585128843784332,238.61740112304688,319.7938537597656
661,0.3151775598526001,0.40117672085762024,0.21179233491420746,0.1246645599603653,238.92654418945312,319.8524169921875
660,0.31017813086509705,0.3989398777484894,0.20879466831684113,0.12347579747438431,239.23585510253906,320.09954833984375
659,0.3060277998447418,0.3970821499824524,0.20650067925453186,0.1225442886352539,239.54542541503906,320.21136474609375
658,0.30281364917755127,0.39568427205085754,0.20478057861328125,0.1218755692243576,239.85516357421875,320.1627197265625
657,0.2996714413166046,0.3942958414554596,0.20306247472763062,0.12121666967868805,240.1650848388672,320.15740966796875
656,0.2955061197280884,0.39242252707481384,0.20070666074752808,0.12026800215244293,240.47512817382812,320.0896301269531
655,0.29079821705818176,0.3902742564678192,0.1981339454650879,0.11917871981859207,240.78524780273438,319.767822265625
654,0.28597816824913025,0.38813185691833496,0.19548910856246948,0.11806371808052063,241.09552001953125,319.2952880859375
653,0.28091758489608765,0.38598209619522095,0.19262249767780304,0.11688360571861267,241.40597534179688,318.9784851074219
652,0.27605509757995605,0.3839041292667389,0.18987396359443665,0.11575374007225037,241.7165985107422,319.00775146484375
651,0.272199809551239,0.38215357065200806,0.18769390881061554,0.11487807333469391,242.02740478515625,319.3127746582031
650,0.2688269317150116,0.3805459141731262,0.185721755027771,0.11411258578300476,242.33839416503906,319.6033020019531
649,0.26458215713500977,0.37854257225990295,0.18318286538124084,0.1130974292755127,242.6495361328125,319.6835632324219
648,0.2596952021121979,0.3763309717178345,0.18027454614639282,0.11191583424806595,242.9607696533203,319.6217346191406
647,0.254913866519928,0.37423938512802124,0.17752835154533386,0.11078554391860962,243.2720947265625,319.5152893066406
646,0.25043660402297974,0.3723638653755188,0.17496827244758606,0.10974946618080139,243.58358764648438,319.35650634765625
645,0.24654898047447205,0.37072432041168213,0.17287059128284454,0.10888674855232239,243.89512634277344,319.26025390625
644,0.2429676353931427,0.36909911036491394,0.17102274298667908,0.10809963941574097,244.20680236816406,319.28887939453125
643,0.23915338516235352,0.3672129511833191,0.169004887342453,0.10721977055072784,244.5186309814453,319.30255126953125
642,0.23464453220367432,0.36497652530670166,0.1665639728307724,0.10613848268985748,244.8305206298828,319.2920837402344
641,0.22963160276412964,0.36257392168045044,0.1638566255569458,0.10492856800556183,245.14254760742188,319.366943359375
640,0.22456718981266022,0.36026957631111145,0.16114911437034607,0.10372404754161835,245.4547882080078,319.4889831542969
639,0.22025009989738464,0.3583931028842926,0.15874268114566803,0.10271824151277542,245.76708984375,319.63616943359375
638,0.2172328233718872,0.3570198714733124,0.1569739580154419,0.10204166173934937,246.07955932617188,319.88153076171875
637,0.21482259035110474,0.35580626130104065,0.1555519849061966,0.10151459276676178,246.39212036132812,320.049072265625
636,0.21133261919021606,0.3540160059928894,0.153695747256279,0.1007019653916359,246.7047576904297,319.88555908203125
635,0.20669835805892944,0.3516499400138855,0.15129666030406952,0.09957930445671082,247.01739501953125,319.5517883300781
634,0.2020128071308136,0.3492185175418854,0.14886578917503357,0.0984339788556099,247.3301239013672,319.514892578125
633,0.19823354482650757,0.34718528389930725,0.1469518542289734,0.09753558039665222,247.64292907714844,319.7777404785156
632,0.19519968330860138,0.345669686794281,0.14533115923404694,0.09684901684522629,247.95582580566406,319.8302917480469
631,0.19187939167022705,0.3441637456417084,0.14340424537658691,0.09608127176761627,248.26873779296875,319.5017395019531
630,0.18800503015518188,0.3424098491668701,0.1411462128162384,0.09515666961669922,248.5816650390625,319.2438659667969
629,0.18436793982982635,0.3406365215778351,0.13922810554504395,0.09430776536464691,248.89474487304688,319.3490905761719
628,0.18142637610435486,0.339164137840271,0.13783352077007294,0.09366727620363235,249.2079315185547,319.5384521484375
627,0.1785716712474823,0.33771467208862305,0.13657675683498383,0.09306050837039948,249.52122497558594,319.5683898925781
626,0.17531567811965942,0.3360593616962433,0.13503701984882355,0.09232944250106812,249.83457946777344,319.57073974609375
625,0.17207638919353485,0.33437708020210266,0.13338865339756012,0.0915788859128952,250.14804077148438,319.62860107421875
624,0.1687304675579071,0.332700252532959,0.13147121667861938,0.0907740667462349,250.4614715576172,319.6241760253906
623,0.16453085839748383,0.3306417763233185,0.12904374301433563,0.08972697705030441,250.77490234375,319.50885009765625
622,0.15962673723697662,0.3281804025173187,0.12644372880458832,0.0885033905506134,251.08836364746094,319.4757995605469
621,0.15584279596805573,0.32619795203208923,0.12465603649616241,0.08761241286993027,251.40191650390625,319.638427734375
620,0.1533026397228241,0.3248354196548462,0.1235717386007309,0.0870751291513443,251.71554565429688,319.77215576171875
619,0.15071533620357513,0.32352641224861145,0.12233513593673706,0.08651603013277054,252.02920532226562,319.6021423339844
618,0.14692270755767822,0.3216942250728607,0.12034854292869568,0.08561258018016815,252.34286499023438,319.2178649902344
617,0.14201977849006653,0.3192475736141205,0.11777695268392563,0.08438698202371597,252.65647888183594,319.03912353515625
616,0.13747510313987732,0.3168577551841736,0.11534322053194046,0.08323335647583008,252.97012329101562,319.2310485839844
615,0.1344316154718399,0.31512168049812317,0.11370136588811874,0.08248479664325714,253.28384399414062,319.5228271484375
614,0.13269685208797455,0.3140306770801544,0.11287980526685715,0.08212151378393173,253.59754943847656,319.7176208496094
613,0.13109637796878815,0.3129883110523224,0.11227574199438095,0.08181500434875488,253.9113006591797,319.7548522949219
612,0.12884768843650818,0.31166744232177734,0.11130673438310623,0.08132869005203247,254.22506713867188,319.6138000488281
611,0.12608639895915985,0.31021979451179504,0.10995137691497803,0.08069902658462524,254.538818359375,319.453369140625
610,0.12297140806913376,0.3086629807949066,0.10834189504384995,0.07996843755245209,254.85255432128906,319.3592529296875
609,0.12008076161146164,0.30719101428985596,0.10685140639543533,0.07929575443267822,255.166259765625,319.2164611816406
608,0.11803790181875229,0.3060652017593384,0.10580792278051376,0.07884921878576279,255.47996520996094,319.0700988769531
607,0.1163971945643425,0.3051033616065979,0.10499437153339386,0.07851245999336243,255.79364013671875,319.1593322753906
606,0.11407937109470367,0.3038041889667511,0.10383321344852448,0.0779850110411644,256.10736083984375,319.4621887207031
605,0.11102466285228729,0.30214300751686096,0.10229040682315826,0.07724994421005249,256.4211120605469,319.64752197265625
604,0.10767287015914917,0.30034542083740234,0.10063052177429199,0.07643751800060272,256.73480224609375,319.6787109375
603,0.10479871183633804,0.29880490899086,0.0992613434791565,0.07576818764209747,257.04852294921875,319.7086181640625
602,0.10255558788776398,0.29757845401763916,0.09832213819026947,0.07529199868440628,257.3622741699219,319.6882629394531
601,0.10090024769306183,0.29659298062324524,0.09778718650341034,0.07498852908611298,257.676025390625,319.6051025390625
600,0.09928569942712784,0.2955479621887207,0.09723547846078873,0.07467719912528992,257.9897766113281,319.6733093261719
599,0.09689482301473618,0.29403191804885864,0.0961621105670929,0.0741131603717804,258.3034362792969,319.8461608886719
598,0.0939650908112526,0.29231277108192444,0.09470289200544357,0.07338892668485641,258.6170654296875,319.8097229003906
597,0.09115032106637955,0.29073667526245117,0.09329977631568909,0.0727091133594513,258.93060302734375,319.619384765625
596,0.08907253295183182,0.2895529270172119,0.09228348731994629,0.07224171608686447,259.2440490722656,319.6949462890625
595,0.08754681795835495,0.2886241376399994,0.09160196036100388,0.0719345435500145,259.5575256347656,320.1293029785156
594,0.0863124206662178,0.2878747880458832,0.09106263518333435,0.07171349227428436,259.8710021972656,320.5274353027344
593,0.08475665748119354,0.2870159149169922,0.09030724316835403,0.07140082120895386,260.18450927734375,320.5777587890625
592,0.08258334547281265,0.2858031988143921,0.08923220634460449,0.07090453803539276,260.4979248046875,320.4446105957031
591,0.0798056349158287,0.28426307439804077,0.08783017843961716,0.07022887468338013,260.81121826171875,320.4244384765625
590,0.07697490602731705,0.2827046811580658,0.08640678226947784,0.06953921169042587,261.1244201660156,320.45037841796875
589,0.0746905505657196,0.28144586086273193,0.08527994900941849,0.06901059299707413,261.4375,320.29876708984375
588,0.0730675458908081,0.2804938852787018,0.08444971591234207,0.06865812838077545,261.7505187988281,320.1153259277344
587,0.07169090956449509,0.27961963415145874,0.0837310254573822,0.06836506724357605,262.0634460449219,320.15997314453125
586,0.07013373076915741,0.2786659598350525,0.08296112716197968,0.06802849471569061,262.3763427734375,320.290771484375
585,0.06855501979589462,0.2777644395828247,0.0821959525346756,0.06769807636737823,262.6891174316406,320.2469177246094
584,0.06693542748689651,0.27686482667922974,0.08146724849939346,0.06736855208873749,263.0018310546875,320.14056396484375
583,0.0651489868760109,0.2758063077926636,0.08074820041656494,0.06699403375387192,263.31451416015625,320.2025451660156
582,0.06323213130235672,0.2746044099330902,0.08004318177700043,0.06658201664686203,263.6270751953125,320.3927917480469
581,0.061512649059295654,0.2734803557395935,0.079414002597332,0.06621792912483215,263.93963623046875,320.6477966308594
580,0.06011306494474411,0.2724912762641907,0.07889048010110855,0.06593062728643417,264.2520751953125,320.9681091308594
579,0.058980461210012436,0.27170440554618835,0.07840906083583832,0.06571471691131592,264.5644836425781,321.1285400390625
578,0.057938940823078156,0.27110353112220764,0.07785587012767792,0.0655280351638794,264.8767395019531,320.92449951171875
577,0.057190459221601486,0.270767480134964,0.07738667726516724,0.06543362885713577,265.1888122558594,320.6820373535156
576,0.056514058262109756,0.2704724073410034,0.0769989937543869,0.06536795198917389,265.50079345703125,320.7138977050781
575,0.05526489019393921,0.269779771566391,0.07643955945968628,0.06513939797878265,265.8126525878906,320.7418518066406
574,0.05327771604061127,0.26855558156967163,0.07568875700235367,0.06470252573490143,266.12445068359375,320.48565673828125
573,0.05126592516899109,0.26726076006889343,0.07497979700565338,0.06425712257623672,266.4361267089844,320.2082824707031
572,0.049742355942726135,0.2662615180015564,0.07447949051856995,0.06395304203033447,266.74774169921875,320.1959228515625
571,0.048920728266239166,0.2657088339328766,0.07421069592237473,0.06384481489658356,267.05926513671875,320.29962158203125
570,0.04828780144453049,0.2652750313282013,0.07401267439126968,0.06379036605358124,267.37060546875,320.30511474609375
569,0.04734646901488304,0.26467785239219666,0.07358451187610626,0.0636327862739563,267.68182373046875,320.19866943359375
568,0.04601570963859558,0.2638820707798004,0.07291578501462936,0.06335468590259552,267.9928894042969,320.0785217285156
567,0.044540926814079285,0.2630093991756439,0.07219759374856949,0.06303774565458298,268.3038024902344,320.1109924316406
566,0.043557748198509216,0.26237359642982483,0.07180164754390717,0.06287276744842529,268.6146545410156,320.37652587890625
565,0.04321745038032532,0.26207616925239563,0.07176239788532257,0.0629008486866951,268.9254150390625,320.7168884277344
564,0.043092429637908936,0.26194682717323303,0.07180042564868927,0.06299584358930588,269.23602294921875,320.9214172363281
563,0.04240592569112778,0.26157084107398987,0.07148594409227371,0.06292293965816498,269.54644775390625,320.9063415527344
562,0.04094669967889786,0.2607414126396179,0.07075043767690659,0.06260979920625687,269.85675048828125,320.7108459472656
561,0.03909106180071831,0.25955820083618164,0.06985297799110413,0.06216102093458176,270.16693115234375,320.46697998046875
560,0.037329331040382385,0.25843921303749084,0.0690561830997467,0.06175083667039871,270.47698974609375,320.2829284667969
559,0.035985272377729416,0.25766170024871826,0.0685003399848938,0.06148916855454445,270.786865234375,320.12982177734375
558,0.03508652001619339,0.25717294216156006,0.06818545609712601,0.061370253562927246,271.0965881347656,320.0032958984375
557,0.03455917537212372,0.25683706998825073,0.06804634630680084,0.061350636184215546,271.40618896484375,319.9950866699219
556,0.034085553139448166,0.2565016746520996,0.0679120272397995,0.06133776158094406,271.7155456542969,320.0790100097656
555,0.03311612084507942,0.2558954954147339,0.06752021610736847,0.06117570400238037,272.0248107910156,320.1094970703125
554,0.03173930570483208,0.2550177276134491,0.06693331152200699,0.06088489294052124,272.3338623046875,320.1437683105469
553,0.03059057518839836,0.2542731463909149,0.06643745303153992,0.06065875291824341,272.6427917480469,320.23736572265625
552,0.030052248388528824,0.2539139986038208,0.06621229648590088,0.06061697006225586,272.9515686035156,320.239501953125
551,0.029832810163497925,0.25376424193382263,0.06610947847366333,0.06066961586475372,273.2602233886719,320.14923095703125
550,0.02962757647037506,0.2536167800426483,0.06601564586162567,0.06072574853897095,273.5686950683594,320.2010498046875
549,0.02903631143271923,0.25327202677726746,0.06571058183908463,0.06066572666168213,273.87701416015625,320.4561767578125
548,0.02787104994058609,0.25258898735046387,0.06512164324522018,0.06043010205030441,274.1851501464844,320.6791076660156
547,0.026328841224312782,0.25164392590522766,0.06445927172899246,0.060091931372880936,274.49310302734375,320.6749572753906
546,0.025016997009515762,0.25081539154052734,0.06400877982378006,0.059837836772203445,274.80084228515625,320.5224304199219
545,0.024220623075962067,0.2503403425216675,0.0637415274977684,0.059737060219049454,275.1083679199219,320.3943786621094
544,0.02374761551618576,0.25008589029312134,0.063503198325634,0.05971667170524597,275.4156494140625,320.379638671875
543,0.02318526804447174,0.24971507489681244,0.06321419775485992,0.05965588241815567,275.7227783203125,320.44091796875
542,0.022312834858894348,0.24907056987285614,0.06287969648838043,0.059502728283405304,276.0297546386719,320.4811096191406
541,0.021174287423491478,0.24821968376636505,0.06250062584877014,0.05927429348230362,276.3366394042969,320.53387451171875
540,0.020061658695340157,0.2473887950181961,0.06216389313340187,0.05905959755182266,276.64337158203125,320.6714172363281
539,0.019056256860494614,0.24665535986423492,0.06187224015593529,0.058882229030132294,276.9498596191406,320.79644775390625
538,0.018188750371336937,0.2460726946592331,0.06157306581735611,0.05874573811888695,277.2561340332031,320.7441101074219
537,0.017530687153339386,0.24569924175739288,0.061228491365909576,0.05866170674562454,277.56219482421875,320.6112365722656
536,0.01691165193915367,0.24539199471473694,0.06083405017852783,0.05858457833528519,277.8679504394531,320.5757141113281
535,0.016360606998205185,0.24511313438415527,0.06051024794578552,0.05853281915187836,278.1734619140625,320.5845947265625
534,0.015952471643686295,0.24488326907157898,0.06035375967621803,0.0585363507270813,278.478759765625,320.4997863769531
533,0.015763599425554276,0.2447206974029541,0.0603189542889595,0.058598391711711884,278.7839050292969,320.4588928222656
532,0.015624269843101501,0.2445378303527832,0.06031409651041031,0.05866743251681328,279.0888366699219,320.6005859375
531,0.01522022858262062,0.24419936537742615,0.0601976215839386,0.058658163994550705,279.3935241699219,320.70318603515625
530,0.014501640573143959,0.24370233714580536,0.05993376672267914,0.058557868003845215,279.6980285644531,320.5438232421875
529,0.013479386456310749,0.24299205839633942,0.05952431261539459,0.05835755541920662,280.0022888183594,320.31475830078125
528,0.012357973493635654,0.24221494793891907,0.05904632434248924,0.05812074989080429,280.306396484375,320.30181884765625
527,0.011325955390930176,0.2415464073419571,0.05859922990202904,0.05791917443275452,280.61029052734375,320.4664306640625
526,0.010687085799872875,0.2411460131406784,0.05831564590334892,0.057840269058942795,280.9139709472656,320.63690185546875
525,0.010415004566311836,0.24093417823314667,0.058177486062049866,0.057863011956214905,281.21746826171875,320.77716064453125
524,0.010319928638637066,0.24085067212581635,0.058066148310899734,0.057933658361434937,281.5206604003906,320.956298828125
523,0.009937839582562447,0.2406633496284485,0.057783760130405426,0.05792175233364105,281.82366943359375,321.1588134765625
522,0.0092385308817029,0.24032196402549744,0.057397402822971344,0.057827189564704895,282.1264343261719,321.2251281738281
521,0.008614318445324898,0.23997513949871063,0.05711944401264191,0.057759854942560196,282.4289245605469,321.13525390625
520,0.008143628016114235,0.23968340456485748,0.05696839839220047,0.057743169367313385,282.7311706542969,321.0616149902344
519,0.007641439326107502,0.2393493503332138,0.05680156126618385,0.05771186947822571,283.033203125,321.0721130371094
518,0.0069044725969433784,0.23885281383991241,0.056530341506004333,0.057604629546403885,283.33502197265625,320.9693298339844
517,0.006081591360270977,0.23830948770046234,0.05622141808271408,0.0574718676507473,283.63653564453125,320.70849609375
516,0.005260336212813854,0.23783141374588013,0.05587140470743179,0.05734359472990036,283.93780517578125,320.5885009765625
515,0.0045203473418951035,0.23742274940013885,0.05549773573875427,0.05723223835229874,284.2388000488281,320.7273254394531
514,0.003816373646259308,0.23696835339069366,0.05517800897359848,0.057125844061374664,284.5395812988281,320.90869140625
513,0.0032959841191768646,0.2365817129611969,0.055013466626405716,0.05708135664463043,284.8401184082031,320.9626770019531
512,0.002963736653327942,0.23629343509674072,0.054951559752225876,0.057095106691122055,285.1403503417969,320.92974853515625
511,0.002776937559247017,0.23610590398311615,0.05488542467355728,0.05714245140552521,285.4403381347656,320.8669128417969
510,0.0025213677436113358,0.23588961362838745,0.05473450571298599,0.05716042220592499,285.7400207519531,320.8043518066406
509,0.0020859576761722565,0.23557764291763306,0.054499927908182144,0.057124678045511246,286.03948974609375,320.74761962890625
508,0.0017320048063993454,0.23531630635261536,0.054380930960178375,0.0571296401321888,286.3386535644531,320.6587829589844
507,0.0016334755346179008,0.23522749543190002,0.05441199243068695,0.057223908603191376,286.63763427734375,320.6178894042969
506,0.0017087319865822792,0.23528756201267242,0.054510802030563354,0.05737853795289993,286.9362487792969,320.80401611328125
505,0.0016053533181548119,0.2352093607187271,0.05455882102251053,0.057477813214063644,287.234619140625,321.0581359863281
504,0.0011406093835830688,0.2348298877477646,0.05450877547264099,0.05746149271726608,287.5326843261719,321.0171203613281
503,0.00048663467168807983,0.23432230949401855,0.054368920624256134,0.05738268047571182,287.8304748535156,320.756591796875
502,-0.00027441978454589844,0.23378287255764008,0.054121002554893494,0.05726500600576401,288.1280517578125,320.637939453125
501,-0.0009497851133346558,0.23330704867839813,0.05385259538888931,0.05716419592499733,288.42535400390625,320.7158203125
500,-0.0014879796653985977,0.2329813688993454,0.05359720066189766,0.057109393179416656,288.7224426269531,320.81231689453125
499,-0.0018873866647481918,0.232786163687706,0.05334477499127388,0.05709492415189743,289.0191345214844,320.8406066894531
498,-0.0022608432918787003,0.23255610466003418,0.053170960396528244,0.057091619819402695,289.3155517578125,320.85028076171875
497,-0.0025823162868618965,0.23225924372673035,0.05309237912297249,0.05709902197122574,289.6116943359375,320.8968505859375
496,-0.002962741069495678,0.23192362487316132,0.052987486124038696,0.05708729848265648,289.9075622558594,320.9578552246094
495,-0.003324246034026146,0.2316303849220276,0.05283085256814957,0.05707535892724991,290.2030944824219,320.9659118652344
494,-0.003712346777319908,0.23134258389472961,0.052653972059488297,0.05705758184194565,290.4984130859375,320.9095764160156
493,-0.0042577097192406654,0.23094414174556732,0.052483975887298584,0.057003043591976166,290.7934265136719,320.9297790527344
492,-0.0050068199634552,0.23040953278541565,0.05226258188486099,0.05689012259244919,291.08819580078125,321.0374755859375
491,-0.0056340862065553665,0.23001869022846222,0.052054062485694885,0.05682073533535004,291.3826599121094,321.0428466796875
490,-0.005899383686482906,0.22994312644004822,0.05191515386104584,0.05686507001519203,291.6767883300781,320.9242248535156
489,-0.006056111305952072,0.2299816757440567,0.05172155052423477,0.056932102888822556,291.970458984375,320.9034423828125
488,-0.006501728668808937,0.22978855669498444,0.05141386017203331,0.056900106370449066,292.26385498046875,320.99920654296875
487,-0.007216865196824074,0.22934561967849731,0.05105968564748764,0.0567808672785759,292.5569152832031,320.9465637207031
486,-0.007949234917759895,0.22880467772483826,0.050819747149944305,0.05666293576359749,292.8497314453125,320.73590087890625
485,-0.008542213588953018,0.2282874584197998,0.0506749264895916,0.05658265948295593,293.14227294921875,320.6524963378906
484,-0.008877616375684738,0.22795607149600983,0.050613321363925934,0.056582532823085785,293.43463134765625,320.81817626953125
483,-0.009047679603099823,0.22780902683734894,0.05056051164865494,0.05663811415433884,293.7266540527344,321.03228759765625
482,-0.009240064769983292,0.2277269810438156,0.05043964087963104,0.05669081211090088,294.0182800292969,321.1453552246094
481,-0.009595965966582298,0.22757604718208313,0.05018975958228111,0.0566866360604763,294.30950927734375,321.2234191894531
480,-0.010165831074118614,0.22727786004543304,0.04983428865671158,0.056609176099300385,294.6004333496094,321.3544006347656
479,-0.01085146889090538,0.22682087123394012,0.049461640417575836,0.056483685970306396,294.8909912109375,321.5635070800781
478,-0.011394545435905457,0.22638410329818726,0.04920131713151932,0.056399088352918625,295.18133544921875,321.713134765625
477,-0.01149066723883152,0.22621703147888184,0.049154024571180344,0.05645773187279701,295.4713134765625,321.62359619140625
476,-0.011302730068564415,0.2262694090604782,0.04925775155425072,0.05662088841199875,295.7610168457031,321.3870544433594
475,-0.011214547790586948,0.2262851595878601,0.049341343343257904,0.0567626990377903,296.0503234863281,321.23663330078125
474,-0.011604487895965576,0.22605133056640625,0.049234386533498764,0.05676666647195816,296.3392333984375,321.201416015625
473,-0.012393618933856487,0.2255496084690094,0.049008242785930634,0.05665118992328644,296.6278381347656,321.1925964355469
472,-0.01314837858080864,0.22506730258464813,0.04881240054965019,0.05654919147491455,296.9161376953125,321.191162109375
471,-0.01364543754607439,0.22475391626358032,0.048644647002220154,0.056512899696826935,297.2041320800781,321.1905212402344
470,-0.013888917863368988,0.22459378838539124,0.048513416200876236,0.05654047057032585,297.49176025390625,321.2325134277344
469,-0.014024528674781322,0.22448325157165527,0.04837716370820999,0.056587498635053635,297.7790832519531,321.38812255859375
468,-0.014149677008390427,0.22434170544147491,0.048274390399456024,0.056635890156030655,298.0660705566406,321.5333557128906
467,-0.014348015189170837,0.22413554787635803,0.048181597143411636,0.056665655225515366,298.3526611328125,321.47698974609375
466,-0.014646785333752632,0.22388066351413727,0.04810304194688797,0.05667852610349655,298.638916015625,321.34326171875
465,-0.01508540753275156,0.22355996072292328,0.04798230528831482,0.05665513873100281,298.9248352050781,321.389404296875
464,-0.015513010323047638,0.22323282063007355,0.047885291278362274,0.05663630738854408,299.21044921875,321.5342712402344
463,-0.015754086896777153,0.22302590310573578,0.047839947044849396,0.05667148903012276,299.4956970214844,321.5342712402344
462,-0.015807069838047028,0.22297674417495728,0.0478300079703331,0.056765489280223846,299.78057861328125,321.4197692871094
461,-0.015889886766672134,0.22294077277183533,0.04774187505245209,0.056842707097530365,300.0650329589844,321.4087829589844
460,-0.01619976945221424,0.2227432131767273,0.04754282906651497,0.056840136647224426,300.3491516113281,321.5487060546875
459,-0.016550270840525627,0.22251099348068237,0.047365620732307434,0.05683086812496185,300.6329040527344,321.6106262207031
458,-0.016750268638134003,0.2223949283361435,0.047330234199762344,0.056891098618507385,300.91632080078125,321.4366760253906
457,-0.016874078661203384,0.22225692868232727,0.047372955828905106,0.056970443576574326,301.1993408203125,321.2305908203125
456,-0.017072439193725586,0.2220361977815628,0.04737027734518051,0.05701509863138199,301.4820251464844,321.22491455078125
455,-0.01731051877140999,0.22180752456188202,0.04730774834752083,0.057041268795728683,301.7643737792969,321.2641296386719
454,-0.017636997625231743,0.22157102823257446,0.047163501381874084,0.057039737701416016,302.0462951660156,321.1336669921875
453,-0.01819099672138691,0.22122721374034882,0.04686015844345093,0.056959137320518494,302.32781982421875,320.9875183105469
452,-0.018809640780091286,0.22085970640182495,0.04649661108851433,0.05685403198003769,302.6089172363281,321.0102844238281
451,-0.01916770078241825,0.22066757082939148,0.046258971095085144,0.05683821067214012,302.8896789550781,321.01422119140625
450,-0.019221274182200432,0.2206539660692215,0.04623265564441681,0.056935325264930725,303.1700744628906,320.83892822265625
449,-0.01920926757156849,0.22059069573879242,0.04628961905837059,0.057045724242925644,303.4501037597656,320.7515563964844
448,-0.019272545352578163,0.2204422950744629,0.04634058102965355,0.057129256427288055,303.7298583984375,320.92767333984375
447,-0.019382985308766365,0.22025227546691895,0.04639527201652527,0.05720014497637749,304.0093078613281,321.1133117675781
446,-0.01947927474975586,0.22011429071426392,0.046433836221694946,0.05728017911314964,304.288330078125,321.1013488769531
445,-0.019605500623583794,0.21997293829917908,0.046438321471214294,0.05734919756650925,304.56695556640625,321.06744384765625
444,-0.019770773127675056,0.21983453631401062,0.04638330265879631,0.057402122765779495,304.8451843261719,321.14495849609375
443,-0.020020803436636925,0.21966160833835602,0.04621092602610588,0.057413626462221146,305.1230163574219,321.16876220703125
442,-0.0203371811658144,0.21946845948696136,0.045990824699401855,0.05740392953157425,305.400390625,321.0456848144531
441,-0.02072444185614586,0.21923841536045074,0.04575171321630478,0.05737528204917908,305.67742919921875,320.9985046386719
440,-0.021158577874302864,0.2189677506685257,0.04553636163473129,0.05733850598335266,305.9541015625,321.16485595703125
439,-0.021512918174266815,0.21875272691249847,0.045379456132650375,0.057334110140800476,306.2303466796875,321.39141845703125
438,-0.021730640903115273,0.21863186359405518,0.04531267657876015,0.057382937520742416,306.5061950683594,321.4928894042969
437,-0.021749600768089294,0.2186288982629776,0.04534462094306946,0.05749783292412758,306.78167724609375,321.4781799316406
436,-0.0217156782746315,0.2186174988746643,0.04538525640964508,0.0576174333691597,307.056640625,321.412109375
435,-0.0218207985162735,0.21845701336860657,0.0453338548541069,0.057670481503009796,307.331298828125,321.3805236816406
434,-0.022084154188632965,0.21819999814033508,0.045198049396276474,0.05766873061656952,307.6055603027344,321.4352722167969
433,-0.02239106595516205,0.2179882973432541,0.04502664506435394,0.05766518414020538,307.87945556640625,321.5290222167969
432,-0.022615177556872368,0.21787312626838684,0.044912759214639664,0.057703595608472824,308.1529541015625,321.5942077636719
431,-0.02276734635233879,0.21777573227882385,0.04490736499428749,0.057776834815740585,308.4260559082031,321.63519287109375
430,-0.02287411130964756,0.217655748128891,0.04492942988872528,0.057855065912008286,308.69873046875,321.6433410644531
429,-0.023024864494800568,0.2175004780292511,0.0448940172791481,0.0579083226621151,308.970947265625,321.6133728027344
428,-0.02327369526028633,0.2172924131155014,0.0447603203356266,0.05791853740811348,309.24273681640625,321.5503234863281
427,-0.0236442219465971,0.21700364351272583,0.04459725692868233,0.05789296701550484,309.5141296386719,321.44305419921875
426,-0.024057213217020035,0.21670399606227875,0.04443204030394554,0.057860568165779114,309.7851257324219,321.3761291503906
425,-0.024405183270573616,0.21648482978343964,0.044294923543930054,0.05785844847559929,310.0557556152344,321.4710388183594
424,-0.024641796946525574,0.21632634103298187,0.04418359324336052,0.0578855499625206,310.3259582519531,321.67852783203125
423,-0.024794653058052063,0.21617135405540466,0.04413982480764389,0.05793600529432297,310.5957336425781,321.8009033203125
422,-0.025010794401168823,0.21600094437599182,0.044044073671102524,0.05796544626355171,310.86505126953125,321.8102111816406
421,-0.025367993861436844,0.2158203423023224,0.04385102167725563,0.05795799195766449,311.1339416503906,321.7969970703125
420,-0.02570427767932415,0.21571823954582214,0.04365919157862663,0.057970624417066574,311.40240478515625,321.7517395019531
419,-0.025830501690506935,0.21572770178318024,0.043584734201431274,0.05805394798517227,311.6703796386719,321.7217102050781
418,-0.025754379108548164,0.21577264368534088,0.04363977164030075,0.05819256976246834,311.9379577636719,321.77020263671875
417,-0.0256075207144022,0.2157701700925827,0.043755337595939636,0.05834021419286728,312.2050476074219,321.7396545410156
416,-0.025583986192941666,0.21567192673683167,0.04383334144949913,0.0584464892745018,312.4718017578125,321.5255126953125
415,-0.02579786442220211,0.21550029516220093,0.04376225918531418,0.058480992913246155,312.73809814453125,321.38946533203125
414,-0.026155691593885422,0.21528223156929016,0.0435776561498642,0.05846599489450455,313.00396728515625,321.5065002441406
413,-0.026478633284568787,0.21505634486675262,0.04340783506631851,0.05845532566308975,313.2694091796875,321.66058349609375
412,-0.026721004396677017,0.21486936509609222,0.04328049346804619,0.05847024917602539,313.5343933105469,321.63946533203125
411,-0.02691083773970604,0.21471069753170013,0.04320642724633217,0.05850854516029358,313.7989196777344,321.5319519042969
410,-0.027085991576313972,0.21453727781772614,0.04316825047135353,0.05855292081832886,314.06304931640625,321.5066833496094
409,-0.02717893198132515,0.21441109478473663,0.04317767918109894,0.05862634256482124,314.3267822265625,321.5609130859375
408,-0.027210738509893417,0.21433764696121216,0.043195903301239014,0.05871925503015518,314.5900573730469,321.5690002441406
407,-0.02723538503050804,0.21427743136882782,0.04323534294962883,0.05882088840007782,314.8529052734375,321.45941162109375
406,-0.027275824919342995,0.21423092484474182,0.04324391484260559,0.058917153626680374,315.11529541015625,321.3229064941406
405,-0.027368266135454178,0.2141726016998291,0.043196503072977066,0.05899306386709213,315.377197265625,321.2735595703125
404,-0.027475617825984955,0.21405911445617676,0.04315692558884621,0.059056445956230164,315.63873291015625,321.29400634765625
403,-0.027650907635688782,0.21386006474494934,0.04311902076005936,0.05909424275159836,315.89984130859375,321.3296813964844
402,-0.027944041416049004,0.2136511653661728,0.04301438108086586,0.05910413712263107,316.1604309082031,321.35272216796875
401,-0.028363365679979324,0.21346275508403778,0.042852357029914856,0.059094928205013275,316.4205322265625,321.32659912109375
400,-0.02866920456290245,0.21337702870368958,0.042688678950071335,0.05911892652511597,316.68017578125,321.234130859375
399,-0.02875230275094509,0.21339718997478485,0.042600881308317184,0.059204306453466415,316.9393005371094,321.2231140136719
398,-0.028766974806785583,0.21336935460567474,0.042554765939712524,0.05929359793663025,317.197998046875,321.4451599121094
397,-0.028805190697312355,0.21322818100452423,0.042564116418361664,0.05936702340841293,317.45635986328125,321.7194519042969
396,-0.028848204761743546,0.2130245566368103,0.04263634979724884,0.05944007635116577,317.7143249511719,321.75726318359375
395,-0.02899971790611744,0.2127923220396042,0.04263579100370407,0.059479936957359314,317.9718017578125,321.6128234863281
394,-0.029277510941028595,0.21256743371486664,0.04251718893647194,0.05948289483785629,318.2288513183594,321.4999694824219
393,-0.029668709263205528,0.21234792470932007,0.04231777787208557,0.05945846438407898,318.4853210449219,321.4198303222656
392,-0.030053481459617615,0.21215839684009552,0.04213400185108185,0.059445448219776154,318.7413330078125,321.30743408203125
391,-0.030326776206493378,0.21203631162643433,0.041997119784355164,0.05946885049343109,318.9968566894531,321.2510986328125
390,-0.030307814478874207,0.21207474172115326,0.04198841750621796,0.059585362672805786,319.2519226074219,321.2940368652344
389,-0.030029909685254097,0.21226488053798676,0.042122699320316315,0.05979403853416443,319.5065002441406,321.36419677734375
388,-0.02975105680525303,0.2124342918395996,0.04226013645529747,0.05999863147735596,319.7605895996094,321.4786376953125
387,-0.029736893251538277,0.21244262158870697,0.04224910959601402,0.06010700762271881,320.01422119140625,321.65460205078125
386,-0.02994672954082489,0.21229511499404907,0.04211536422371864,0.060129690915346146,320.2673645019531,321.7534484863281
385,-0.03021176904439926,0.21206679940223694,0.042000334709882736,0.0601327121257782,320.5200500488281,321.7336120605469
384,-0.030392225831747055,0.21185536682605743,0.04195490479469299,0.06016336381435394,320.7723388671875,321.7062072753906
383,-0.030479583889245987,0.21173888444900513,0.04193325340747833,0.0602303072810173,321.024169921875,321.70233154296875
382,-0.030497169122099876,0.2117055058479309,0.04192604869604111,0.06032661348581314,321.2755126953125,321.6977233886719
381,-0.030535157769918442,0.21168461441993713,0.04189130291342735,0.06041760742664337,321.5263671875,321.7490234375
380,-0.03064877539873123,0.2116532027721405,0.041813552379608154,0.060489553958177567,321.77667236328125,321.82440185546875
379,-0.030884042382240295,0.21154914796352386,0.04168890044093132,0.060522548854351044,322.0264587402344,321.7870788574219
378,-0.031208086758852005,0.2113300859928131,0.041543737053871155,0.06051504239439964,322.2757568359375,321.6643981933594
377,-0.03138934448361397,0.21113581955432892,0.041501108556985855,0.060549862682819366,322.52459716796875,321.5551452636719
376,-0.03131765127182007,0.21103161573410034,0.04161806032061577,0.06066587567329407,322.7730407714844,321.4506530761719
375,-0.031091293320059776,0.21103495359420776,0.041797854006290436,0.0608360581099987,323.0209655761719,321.3659973144531
374,-0.030949627980589867,0.21105191111564636,0.041884660720825195,0.060980092734098434,323.2684020996094,321.37158203125
373,-0.031044092029333115,0.21100381016731262,0.04181117191910744,0.06105003133416176,323.5154113769531,321.417724609375
372,-0.0313023217022419,0.21087640523910522,0.041704170405864716,0.061079394072294235,323.76190185546875,321.41705322265625
371,-0.03159638121724129,0.2106965035200119,0.041627708822488785,0.061100490391254425,324.0078430175781,321.41998291015625
370,-0.03176300227642059,0.21054396033287048,0.04159745201468468,0.061149466782808304,324.25335693359375,321.47039794921875
369,-0.031816285103559494,0.21045471727848053,0.04158854857087135,0.06122808903455734,324.49835205078125,321.4764404296875
368,-0.031804636120796204,0.2104642242193222,0.041555650532245636,0.06133032590150833,324.7428894042969,321.4288024902344
367,-0.03185370936989784,0.21048784255981445,0.041475944221019745,0.06141979992389679,324.98687744140625,321.38177490234375
366,-0.032050929963588715,0.2103944569826126,0.04135460779070854,0.061458196491003036,325.2303466796875,321.357666015625
365,-0.03236313909292221,0.21018224954605103,0.04122980311512947,0.06145704537630081,325.4733581542969,321.3453063964844
364,-0.03262651711702347,0.20997090637683868,0.04117407649755478,0.061477091163396835,325.71588134765625,321.3201904296875
363,-0.03283669799566269,0.20978616178035736,0.04111986234784126,0.06150805205106735,325.9578857421875,321.2904968261719
362,-0.03297550976276398,0.20962372422218323,0.04107242077589035,0.061551496386528015,326.1993713378906,321.2945251464844
361,-0.033029504120349884,0.20951196551322937,0.04105885699391365,0.06162256747484207,326.4403991699219,321.3053283691406
360,-0.033147361129522324,0.20938800275325775,0.041028156876564026,0.061681441962718964,326.68096923828125,321.2952880859375
359,-0.0334407240152359,0.20918002724647522,0.040904246270656586,0.06168220937252045,326.9210205078125,321.3432922363281
358,-0.03376990929245949,0.20896025002002716,0.04075468331575394,0.06167064979672432,327.1605224609375,321.49200439453125
357,-0.033838436007499695,0.20891259610652924,0.040726952254772186,0.06175312027335167,327.3995666503906,321.62237548828125
356,-0.033652693033218384,0.20904162526130676,0.0408126600086689,0.06192838400602341,327.6380310058594,321.6519470214844
355,-0.033470846712589264,0.209183007478714,0.04087669774889946,0.06210105121135712,327.8759460449219,321.7091979980469
354,-0.03341104835271835,0.20926044881343842,0.04087318107485771,0.06223120540380478,328.11334228515625,321.84930419921875
353,-0.03346417844295502,0.2092166244983673,0.04082636535167694,0.0623108446598053,328.3502197265625,321.9083251953125
352,-0.033640842884778976,0.20902866125106812,0.040749479085206985,0.062336601316928864,328.58660888671875,321.8000183105469
351,-0.03386112302541733,0.20877264440059662,0.040660206228494644,0.06233828514814377,328.822509765625,321.6920471191406
350,-0.033949870616197586,0.20865820348262787,0.040664542466402054,0.06241010129451752,329.05792236328125,321.6586608886719
349,-0.03391266614198685,0.20868918299674988,0.040730446577072144,0.06254453957080841,329.292724609375,321.5539855957031
348,-0.03388224169611931,0.20872975885868073,0.040796685963869095,0.0626811608672142,329.5270080566406,321.3503112792969
347,-0.03391783684492111,0.20871151983737946,0.040800996124744415,0.06278174370527267,329.7607727050781,321.2635192871094
346,-0.033993229269981384,0.20867453515529633,0.040751684457063675,0.06286066025495529,329.9939880371094,321.35693359375
345,-0.0341733917593956,0.2085585594177246,0.040612250566482544,0.062888003885746,330.2266845703125,321.50732421875
344,-0.034418486058712006,0.20838642120361328,0.0404665432870388,0.06289438158273697,330.4588928222656,321.6717224121094
343,-0.03455701470375061,0.208268940448761,0.040387846529483795,0.06293986737728119,330.69061279296875,321.8511962890625
342,-0.0344446636736393,0.2083197832107544,0.0404350645840168,0.063079833984375,330.9217834472656,321.9080810546875
341,-0.03427031636238098,0.20843414962291718,0.04052657634019852,0.06325247883796692,331.15240478515625,321.7853088378906
340,-0.03427759185433388,0.2084171622991562,0.04055790603160858,0.06336231529712677,331.3824462890625,321.6900634765625
339,-0.034469060599803925,0.20824715495109558,0.04053139686584473,0.06340393424034119,331.61199951171875,321.7313537597656
338,-0.034661415964365005,0.20804543793201447,0.040521472692489624,0.06344141811132431,331.8410949707031,321.8177490234375
337,-0.034756675362586975,0.20791317522525787,0.04056375101208687,0.06351760029792786,332.0697021484375,321.87109375
336,-0.03474381938576698,0.20785808563232422,0.04063203185796738,0.0636284276843071,332.2977294921875,321.8572082519531
335,-0.034703489392995834,0.2078399509191513,0.04066888988018036,0.06374255567789078,332.5251770019531,321.7781677246094
334,-0.03473209589719772,0.20779186487197876,0.04063446819782257,0.06382512301206589,332.75213623046875,321.6978759765625
333,-0.03481105715036392,0.20771850645542145,0.040560588240623474,0.06388701498508453,332.978515625,321.6541748046875
332,-0.03484248369932175,0.20766213536262512,0.04053337872028351,0.06396899372339249,333.2043762207031,321.6139831542969
331,-0.03481951355934143,0.20766767859458923,0.04055504873394966,0.06408414244651794,333.4296569824219,321.5892028808594
330,-0.03473929315805435,0.20772697031497955,0.0406249538064003,0.06423041969537735,333.6544494628906,321.6049499511719
329,-0.03464178740978241,0.20775353908538818,0.040722623467445374,0.06437656283378601,333.878662109375,321.6106872558594
328,-0.034640103578567505,0.20770613849163055,0.04076685011386871,0.06448224186897278,334.10235595703125,321.5592041015625
327,-0.03477141633629799,0.20759712159633636,0.0406985767185688,0.06453236192464828,334.325439453125,321.4991149902344
326,-0.03496135026216507,0.20746895670890808,0.04055498540401459,0.06455311924219131,334.5479736328125,321.52734375
325,-0.035114407539367676,0.20736725628376007,0.04043228179216385,0.06458891183137894,334.7699890136719,321.6503601074219
324,-0.03523339703679085,0.2072855532169342,0.040324632078409195,0.06463626772165298,334.99151611328125,321.7965087890625
323,-0.035313598811626434,0.20722973346710205,0.04031084477901459,0.06471843272447586,335.2125244140625,321.8573913574219
322,-0.03531055897474289,0.20721864700317383,0.040384646505117416,0.06484181433916092,335.4330139160156,321.8076477050781
321,-0.035323064774274826,0.20721569657325745,0.04041914641857147,0.06495578587055206,335.6528625488281,321.7877197265625
320,-0.035483527928590775,0.20712260901927948,0.040324822068214417,0.06500077992677689,335.87213134765625,321.8243103027344
319,-0.03580551967024803,0.2068902999162674,0.04012288153171539,0.06496816128492355,336.09088134765625,321.77508544921875
318,-0.03605857491493225,0.20669351518154144,0.03996090590953827,0.0649603009223938,336.3091125488281,321.67633056640625
317,-0.0360976904630661,0.20664821565151215,0.039903365075588226,0.06503571569919586,336.52679443359375,321.6806640625
316,-0.0359831303358078,0.20670312643051147,0.03998387232422829,0.06518594175577164,336.743896484375,321.77996826171875
315,-0.03582291305065155,0.2067689299583435,0.04010352864861488,0.06535281985998154,336.96044921875,321.8672180175781
314,-0.03572775423526764,0.20680049061775208,0.040167082101106644,0.06549090892076492,337.1764831542969,321.942138671875
313,-0.03575386852025986,0.20675314962863922,0.04014018923044205,0.06557491421699524,337.39190673828125,322.0069274902344
312,-0.03585698455572128,0.20666438341140747,0.04007069393992424,0.0656309574842453,337.6068115234375,321.9903869628906
311,-0.03594913333654404,0.20659616589546204,0.040022362023591995,0.06569908559322357,337.82110595703125,321.92041015625
310,-0.03595159947872162,0.20659351348876953,0.04003297910094261,0.06580707430839539,338.03485107421875,321.91650390625
309,-0.0359429232776165,0.20659999549388885,0.04004683718085289,0.0659191757440567,338.24798583984375,321.9776916503906
308,-0.03601976856589317,0.206557035446167,0.04001856967806816,0.06600067764520645,338.4605712890625,321.9851989746094
307,-0.036153607070446014,0.2064802646636963,0.03994740918278694,0.06605740636587143,338.672607421875,321.9269714355469
306,-0.036308035254478455,0.20638823509216309,0.03986956551671028,0.06610671430826187,338.8840026855469,321.9019775390625
305,-0.036378100514411926,0.20633018016815186,0.039843831211328506,0.06618503481149673,339.094970703125,321.943115234375
304,-0.0364006944000721,0.20628762245178223,0.039838261902332306,0.06627611070871353,339.3052673339844,322.00152587890625
303,-0.03631551191210747,0.2062671035528183,0.03990659862756729,0.0664004385471344,339.5150451660156,322.03472900390625
302,-0.03619629144668579,0.2062663584947586,0.04004249721765518,0.06655120104551315,339.72430419921875,322.0498046875
301,-0.03618412837386131,0.20621000230312347,0.04012211039662361,0.06666430830955505,339.9329528808594,322.0654602050781
300,-0.03629177808761597,0.20609141886234283,0.04011731967329979,0.06672918796539307,340.1410827636719,322.0694580078125
299,-0.03633701056241989,0.2060132622718811,0.04011431708931923,0.06680957973003387,340.3486633300781,322.00775146484375
298,-0.036242738366127014,0.2060442715883255,0.040151890367269516,0.06694027781486511,340.55560302734375,321.90966796875
297,-0.03616955876350403,0.20609092712402344,0.040169551968574524,0.06706853955984116,340.7619323730469,321.86871337890625
296,-0.03616480529308319,0.20608079433441162,0.04015880078077316,0.06716878712177277,340.9677429199219,321.8865966796875
295,-0.036169879138469696,0.20604915916919708,0.04017782583832741,0.06727077066898346,341.1728820800781,321.8507385253906
294,-0.03617289662361145,0.20601999759674072,0.04021430388092995,0.06737848371267319,341.3775329589844,321.7959289550781
293,-0.036225445568561554,0.20598472654819489,0.040230892598629,0.06747595965862274,341.58154296875,321.7923889160156
292,-0.03628750145435333,0.20595428347587585,0.04023453965783119,0.06757058203220367,341.78497314453125,321.7506408691406
291,-0.036345165222883224,0.2058858424425125,0.04026247560977936,0.0676615759730339,341.9878234863281,321.63140869140625
290,-0.036438435316085815,0.2057611346244812,0.040241844952106476,0.06772074103355408,342.19012451171875,321.6002197265625
289,-0.03647729754447937,0.20568302273750305,0.040222786366939545,0.06779666244983673,342.39190673828125,321.7265930175781
288,-0.036440666764974594,0.20566649734973907,0.04025184363126755,0.06790810078382492,342.5931091308594,321.86566162109375
287,-0.03637995198369026,0.20567774772644043,0.040287405252456665,0.0680306926369667,342.793701171875,321.9480285644531
286,-0.036323994398117065,0.2057243436574936,0.040291935205459595,0.06815426796674728,342.9937438964844,321.9913635253906
285,-0.03631787374615669,0.20574304461479187,0.040266115218400955,0.0682583600282669,343.193115234375,321.9864807128906
284,-0.03644553944468498,0.20566608011722565,0.04017110913991928,0.06830763816833496,343.39190673828125,321.96173095703125
283,-0.03656862676143646,0.20557409524917603,0.04009213298559189,0.06835737824440002,343.590087890625,321.9566345214844
282,-0.03653087466955185,0.20559310913085938,0.04014522209763527,0.06848590075969696,343.7877502441406,321.89215087890625
281,-0.0363318994641304,0.20572736859321594,0.04032854363322258,0.068694107234478,343.9847106933594,321.7747802734375
280,-0.036115191876888275,0.20585070550441742,0.04050415754318237,0.06889811158180237,344.1811218261719,321.7519836425781
279,-0.036071762442588806,0.20580992102622986,0.04056229069828987,0.06901141256093979,344.376953125,321.8412170410156
278,-0.03625272214412689,0.2056179642677307,0.04048767685890198,0.06903025507926941,344.57220458984375,321.8667297363281
277,-0.03651157021522522,0.20538213849067688,0.040378645062446594,0.06902199983596802,344.7668762207031,321.8017883300781
276,-0.036630161106586456,0.20525360107421875,0.040342770516872406,0.06907356530427933,344.9610290527344,321.763916015625
275,-0.036582302302122116,0.20523802936077118,0.04039165377616882,0.06919152289628983,345.1545715332031,321.7378845214844
274,-0.03641165792942047,0.20530328154563904,0.04049833118915558,0.06935647130012512,345.34747314453125,321.68316650390625
273,-0.0362493135035038,0.20541450381278992,0.04058074578642845,0.06952734291553497,345.539794921875,321.67071533203125
272,-0.036196157336235046,0.20547789335250854,0.04059293121099472,0.06965798884630203,345.7314453125,321.74200439453125
271,-0.03633273020386696,0.20540374517440796,0.04051828384399414,0.06971298158168793,345.9225158691406,321.82257080078125
270,-0.03654434531927109,0.20522750914096832,0.04044768214225769,0.06973522901535034,346.113037109375,321.8397216796875
269,-0.03662818670272827,0.20512190461158752,0.0404912494122982,0.06981827318668365,346.30291748046875,321.8175964355469
268,-0.036512553691864014,0.20514623820781708,0.04064595326781273,0.06998255103826523,346.4922180175781,321.8004150390625
267,-0.03631509467959404,0.20526330173015594,0.04079130291938782,0.07017574459314346,346.6809387207031,321.8035583496094
266,-0.036184124648571014,0.2053624540567398,0.04083765298128128,0.07033121585845947,346.8690185546875,321.83551025390625
265,-0.036263708025217056,0.20532488822937012,0.04074908792972565,0.07039573788642883,347.0564880371094,321.88922119140625
264,-0.03647792339324951,0.20517340302467346,0.040611449629068375,0.07040512561798096,347.2433776855469,321.9281005859375
263,-0.03659320995211601,0.20505990087985992,0.04057219251990318,0.0704597532749176,347.4296875,321.9197998046875
262,-0.03652757406234741,0.20505790412425995,0.04063231498003006,0.07058601826429367,347.6153564453125,321.892333984375
261,-0.036450840532779694,0.205099418759346,0.04069765657186508,0.07072729617357254,347.8004150390625,321.86328125
260,-0.03645842894911766,0.2050740122795105,0.04073214903473854,0.07083529978990555,347.9848327636719,321.7942810058594
259,-0.03654883801937103,0.20498736202716827,0.040733907371759415,0.07091118395328522,348.1686706542969,321.68902587890625
258,-0.036688677966594696,0.20485715568065643,0.040670111775398254,0.07095210999250412,348.3519287109375,321.6327209472656
257,-0.03685888648033142,0.20474345982074738,0.040547750890254974,0.07097886502742767,348.5345764160156,321.6440734863281
256,-0.03696546331048012,0.20471014082431793,0.040470242500305176,0.07104603201150894,348.716552734375,321.6754455566406
255,-0.03692149743437767,0.20477569103240967,0.040506962686777115,0.07118430733680725,348.89788818359375,321.6870422363281
254,-0.03682363033294678,0.20485717058181763,0.0405573733150959,0.07133423537015915,349.0786437988281,321.7355041503906
253,-0.03675992786884308,0.20487035810947418,0.04058069735765457,0.0714540034532547,349.25885009765625,321.849853515625
252,-0.03673524782061577,0.20482061803340912,0.04059143364429474,0.07154921442270279,349.4384460449219,321.90924072265625
251,-0.036733679473400116,0.20474112033843994,0.040620625019073486,0.07163984328508377,349.6174621582031,321.8352355957031
250,-0.036766573786735535,0.20463772118091583,0.04064221680164337,0.07171925902366638,349.7958984375,321.7474365234375
249,-0.036756228655576706,0.20457568764686584,0.04067106544971466,0.0718153864145279,349.97369384765625,321.76727294921875
248,-0.03669912368059158,0.20459522306919098,0.04070543497800827,0.07193998992443085,350.1508483886719,321.7742004394531
247,-0.03662996366620064,0.2046710103750229,0.040749289095401764,0.07208499312400818,350.3273620605469,321.66070556640625
246,-0.03662753850221634,0.20474331080913544,0.040735095739364624,0.0722082331776619,350.503173828125,321.59527587890625
245,-0.03665829449892044,0.2047877460718155,0.04069087654352188,0.07231240719556808,350.67840576171875,321.71337890625
244,-0.03666562959551811,0.20477721095085144,0.040680866688489914,0.07241147756576538,350.8529968261719,321.89111328125
243,-0.03659111261367798,0.20475278794765472,0.04073697328567505,0.07253031432628632,351.0270690917969,322.0184326171875
242,-0.036420732736587524,0.20478373765945435,0.04088001698255539,0.07269692420959473,351.200439453125,322.0814514160156
241,-0.03625145182013512,0.20483848452568054,0.04100945591926575,0.07286664098501205,351.37322998046875,322.05059814453125
240,-0.036239929497241974,0.20481911301612854,0.04103095084428787,0.07297353446483612,351.5453796386719,321.9276123046875
239,-0.03636651113629341,0.20470361411571503,0.04097529128193855,0.07302109152078629,351.7169189453125,321.8037109375
238,-0.0364227257668972,0.20463116466999054,0.04096078872680664,0.07309757173061371,351.8878479003906,321.7567443847656
237,-0.03637227788567543,0.20463290810585022,0.041042447090148926,0.0732310339808464,352.0581359863281,321.7841796875
236,-0.036260634660720825,0.20468764007091522,0.04117406904697418,0.0733988881111145,352.227783203125,321.84161376953125
235,-0.03611592948436737,0.20476625859737396,0.04131948575377464,0.07357992976903915,352.3968505859375,321.8427429199219
234,-0.0359652005136013,0.20485477149486542,0.04145015776157379,0.07375990599393845,352.5651550292969,321.7820129394531
233,-0.03588077425956726,0.20494592189788818,0.041500285267829895,0.07391299307346344,352.7328186035156,321.7449951171875
232,-0.03586907684803009,0.2049912065267563,0.041494328528642654,0.07403147220611572,352.89984130859375,321.7481994628906
231,-0.03591962531208992,0.2049533724784851,0.04147270321846008,0.07411672174930573,353.06622314453125,321.71881103515625
230,-0.035970062017440796,0.204906165599823,0.04146215692162514,0.07420247793197632,353.2320556640625,321.70941162109375
229,-0.03600487858057022,0.20484481751918793,0.04145478457212448,0.07428555190563202,353.3973388671875,321.78924560546875
228,-0.035982564091682434,0.2048005759716034,0.041483037173748016,0.07438745349645615,353.56201171875,321.8752746582031
227,-0.03592526912689209,0.20476382970809937,0.04154017195105553,0.07450217008590698,353.7260437011719,321.8638610839844
226,-0.03589893504977226,0.2047085165977478,0.04156535491347313,0.07459984719753265,353.889404296875,321.7885437011719
225,-0.03587806224822998,0.2046797275543213,0.041563428938388824,0.07469706982374191,354.0521240234375,321.7156066894531
224,-0.03579916059970856,0.20471875369548798,0.04160051420331001,0.07483001053333282,354.2142028808594,321.6726989746094
223,-0.03568781912326813,0.2047906070947647,0.041666995733976364,0.07498375326395035,354.37567138671875,321.7148132324219
222,-0.0355725958943367,0.20484356582164764,0.04176780581474304,0.07514254003763199,354.5365295410156,321.8127136230469
221,-0.0354388952255249,0.20487703382968903,0.041894931346178055,0.07530434429645538,354.6967468261719,321.8659362792969
220,-0.03529064357280731,0.2049325704574585,0.04202845320105553,0.07547573745250702,354.8562927246094,321.8666687011719
219,-0.03518541902303696,0.20498254895210266,0.04211285710334778,0.07562828063964844,355.01519775390625,321.90576171875
218,-0.035206351429224014,0.20497235655784607,0.042088549584150314,0.07572255283594131,355.1734313964844,321.9958190917969
217,-0.03529493883252144,0.20492787659168243,0.04201793298125267,0.07578863948583603,355.3310546875,322.0512390136719
216,-0.035320840775966644,0.20493070781230927,0.04199144244194031,0.07588604837656021,355.4880065917969,322.0328674316406
215,-0.035304002463817596,0.20493830740451813,0.042028166353702545,0.07600662112236023,355.6443786621094,321.9710693359375
214,-0.03525107726454735,0.20493198931217194,0.04210278391838074,0.07613632082939148,355.8000183105469,321.9039001464844
213,-0.03519396483898163,0.20492888987064362,0.04217355325818062,0.07626601308584213,355.95501708984375,321.8562316894531
212,-0.03517986461520195,0.20491191744804382,0.042228396981954575,0.0763845294713974,356.109375,321.83221435546875
211,-0.03521166741847992,0.2048833966255188,0.04224507138133049,0.07648544758558273,356.2630920410156,321.84161376953125
210,-0.035248249769210815,0.20486664772033691,0.042238399386405945,0.07658250629901886,356.4161682128906,321.8865051269531
209,-0.03518339619040489,0.20491403341293335,0.04226868227124214,0.07671579718589783,356.5685729980469,321.9345397949219
208,-0.03506947681307793,0.20497749745845795,0.04233014956116676,0.07686611264944077,356.72039794921875,321.908935546875
207,-0.03498560190200806,0.20500461757183075,0.042391467839479446,0.07700368016958237,356.8715515136719,321.8217468261719
206,-0.034990109503269196,0.20495866239070892,0.04238613694906235,0.07709327340126038,357.0220947265625,321.8133850097656
205,-0.03503193333745003,0.20489175617694855,0.042364299297332764,0.07716938108205795,357.1719665527344,321.8880310058594
204,-0.035017989575862885,0.20486533641815186,0.04241584986448288,0.07728397101163864,357.32122802734375,321.9151611328125
203,-0.0349959060549736,0.20484234392642975,0.04248843342065811,0.07740669697523117,357.4698486328125,321.8990173339844
202,-0.034950803965330124,0.20482146739959717,0.04254930093884468,0.07752731442451477,357.61785888671875,321.9619445800781
201,-0.03489846736192703,0.20482894778251648,0.042560674250125885,0.07764148712158203,357.7652282714844,322.0628967285156
200,-0.03485865145921707,0.20485498011112213,0.04254668578505516,0.0777529776096344,357.9118957519531,322.07867431640625
199,-0.034798167645931244,0.2048995941877365,0.04253851994872093,0.0778731107711792,358.057861328125,322.0381774902344
198,-0.034649111330509186,0.20497578382492065,0.042600568383932114,0.07802939414978027,358.2031555175781,322.038330078125
197,-0.03448909521102905,0.2050168514251709,0.04271277040243149,0.07819098979234695,358.3478088378906,322.06878662109375
196,-0.03443869203329086,0.20497743785381317,0.0427870899438858,0.0783102735877037,358.4918518066406,322.0550537109375
195,-0.03442405164241791,0.2049446403980255,0.04285208135843277,0.07842731475830078,358.6352233886719,321.9900207519531
194,-0.034376852214336395,0.20497435331344604,0.042949873954057693,0.07857635617256165,358.7779235839844,321.8992614746094
193,-0.034326404333114624,0.20503763854503632,0.04304354265332222,0.0787351131439209,358.91998291015625,321.83111572265625
192,-0.034288376569747925,0.20509006083011627,0.043106961995363235,0.0788802057504654,359.06134033203125,321.8053894042969
191,-0.03423509746789932,0.20512866973876953,0.043168313801288605,0.07902082800865173,359.2020263671875,321.80029296875
190,-0.03419089317321777,0.2051197588443756,0.04322287440299988,0.07914356887340546,359.3420715332031,321.8304443359375
189,-0.03417496383190155,0.20506933331489563,0.04322149232029915,0.07923365384340286,359.4815673828125,321.93023681640625
188,-0.034086987376213074,0.20505404472351074,0.043247248977422714,0.07934661954641342,359.6204528808594,322.0218811035156
187,-0.03393251448869705,0.20512422919273376,0.043308358639478683,0.07950133085250854,359.7586669921875,322.0243835449219
186,-0.0336657389998436,0.2053019106388092,0.04345555976033211,0.0797232910990715,359.8961181640625,321.99822998046875
185,-0.03332256153225899,0.20553122460842133,0.04366644471883774,0.07998581230640411,360.03289794921875,321.99658203125
184,-0.033104974776506424,0.2056325525045395,0.04383363574743271,0.08018790930509567,360.1689453125,321.9446716308594
183,-0.03320381045341492,0.2054927796125412,0.04382734000682831,0.0802430659532547,360.30438232421875,321.833251953125
182,-0.033465683460235596,0.20525914430618286,0.04372048005461693,0.08022861927747726,360.4392395019531,321.7453308105469
181,-0.033572860062122345,0.20516306161880493,0.043696288019418716,0.0802917331457138,360.5734558105469,321.7017822265625
180,-0.03341255336999893,0.20526520907878876,0.043829768896102905,0.0804811418056488,360.70697021484375,321.70758056640625
179,-0.033119600266218185,0.2054716944694519,0.04402858391404152,0.08073114603757858,360.83978271484375,321.78350830078125
178,-0.03282833471894264,0.2056746780872345,0.04420284554362297,0.08097206801176071,360.9719543457031,321.8894348144531
177,-0.03270362317562103,0.20573082566261292,0.044274646788835526,0.08112521469593048,361.1034240722656,321.924072265625
176,-0.03277178481221199,0.2056291252374649,0.04423728957772255,0.08118364214897156,361.2342224121094,321.91912841796875
175,-0.03287925198674202,0.20550283789634705,0.04416446015238762,0.08122078329324722,361.3643493652344,321.9632873535156
174,-0.03288964182138443,0.20547643303871155,0.04417106509208679,0.08132044225931168,361.4938659667969,321.99798583984375
173,-0.03283083811402321,0.2055329531431198,0.04425053671002388,0.08147399127483368,361.6226501464844,321.91534423828125
172,-0.03274623304605484,0.20561081171035767,0.04436488449573517,0.08164713531732559,361.7507629394531,321.77685546875
171,-0.032649457454681396,0.2056780755519867,0.04446471855044365,0.08181249350309372,361.87823486328125,321.71453857421875
170,-0.03260307013988495,0.2056771069765091,0.044500693678855896,0.08193238079547882,362.0050048828125,321.736328125
169,-0.032610002905130386,0.20561470091342926,0.044519148766994476,0.08202425390481949,362.1311340332031,321.7269592285156
168,-0.03262206166982651,0.20554481446743011,0.04455837607383728,0.08212032169103622,362.256591796875,321.6638488769531
167,-0.03258969262242317,0.20552635192871094,0.04462592303752899,0.08224442601203918,362.38140869140625,321.61981201171875
166,-0.0324862077832222,0.20558732748031616,0.044706813991069794,0.08240186423063278,362.5055236816406,321.6123352050781
165,-0.03232230618596077,0.20570911467075348,0.04482139274477959,0.0825929269194603,362.6289978027344,321.60040283203125
164,-0.03214249387383461,0.20584575831890106,0.044931743294000626,0.08278819918632507,362.7518005371094,321.6126708984375
163,-0.03203081339597702,0.20593063533306122,0.044968217611312866,0.08293931186199188,362.8739013671875,321.6995544433594
162,-0.031987112015485764,0.20593586564064026,0.044963762164115906,0.08304785937070847,362.995361328125,321.8312072753906
161,-0.03188040852546692,0.20594702661037445,0.045041315257549286,0.08318792283535004,363.1162109375,321.9117126464844
160,-0.03169519826769829,0.20601503551006317,0.04519207403063774,0.08337422460317612,363.2362976074219,321.9205322265625
159,-0.03151368349790573,0.20610411465168,0.0453215055167675,0.08356043696403503,363.3557434082031,321.9383544921875
158,-0.03137999027967453,0.20617832243442535,0.04540078714489937,0.08372332900762558,363.4745178222656,321.97259521484375
157,-0.031317900866270065,0.20621053874492645,0.04545795917510986,0.08386243879795074,363.5926208496094,321.9197692871094
156,-0.031261853873729706,0.20622819662094116,0.045529674738645554,0.08400137722492218,363.7100524902344,321.7841796875
155,-0.031113870441913605,0.20629708468914032,0.04564635455608368,0.08417575061321259,363.82672119140625,321.7325744628906
154,-0.03088207170367241,0.20642977952957153,0.04581408202648163,0.08439165353775024,363.9427185058594,321.79437255859375
153,-0.030736658722162247,0.20649686455726624,0.04593814164400101,0.08456803113222122,364.05804443359375,321.826416015625
152,-0.03073037602007389,0.20647208392620087,0.04597645252943039,0.08468003571033478,364.1727294921875,321.7925109863281
151,-0.030714912340044975,0.20645180344581604,0.045996006578207016,0.08478748798370361,364.2867431640625,321.7774963378906
150,-0.030618684366345406,0.20648321509361267,0.04604785516858101,0.08492591232061386,364.4001159667969,321.7962951660156
149,-0.03054201602935791,0.20650430023670197,0.04608355462551117,0.08505477011203766,364.5127868652344,321.81878662109375
148,-0.030489977449178696,0.20653004944324493,0.04611765593290329,0.08518396317958832,364.624755859375,321.8486022949219
147,-0.030374199151992798,0.2066406011581421,0.04621187597513199,0.08536448329687119,364.736083984375,321.8707275390625
146,-0.030148444697260857,0.20682483911514282,0.04639419540762901,0.08560360223054886,364.84661865234375,321.8803405761719
145,-0.029891222715377808,0.2069912552833557,0.046587396413087845,0.08584146201610565,364.95648193359375,321.9133605957031
144,-0.02972324565052986,0.20704586803913116,0.046722374856472015,0.08601873368024826,365.065673828125,321.9571838378906
143,-0.029704609885811806,0.2069670557975769,0.0467643104493618,0.08611418306827545,365.1742858886719,321.95465087890625
142,-0.029712770134210587,0.20687052607536316,0.04679816961288452,0.08619998395442963,365.2822570800781,321.9241027832031
141,-0.029652610421180725,0.2068653404712677,0.0468456968665123,0.08632374554872513,365.3895263671875,321.9016418457031
140,-0.029555805027484894,0.20691800117492676,0.04690061882138252,0.08647098392248154,365.49603271484375,321.88348388671875
139,-0.02942078188061714,0.20704227685928345,0.04696371406316757,0.08664681017398834,365.60186767578125,321.8752136230469
138,-0.02924739010632038,0.20720285177230835,0.047050561755895615,0.08684449642896652,365.7069396972656,321.8885803222656
137,-0.029034733772277832,0.2073391228914261,0.047196242958307266,0.08705530315637589,365.81134033203125,321.90484619140625
136,-0.028849706053733826,0.20741474628448486,0.04735243320465088,0.08724816888570786,365.9150695800781,321.9264221191406
135,-0.02865266241133213,0.20746849477291107,0.047532327473163605,0.08744210749864578,366.0182189941406,321.9857482910156
134,-0.028435366228222847,0.2075095921754837,0.04774338752031326,0.08764311671257019,366.1206970214844,322.0391540527344
133,-0.02820960432291031,0.2075742930173874,0.0479535348713398,0.08785231411457062,366.2225341796875,322.0338439941406
132,-0.028017429634928703,0.20766586065292358,0.04811937361955643,0.08805471658706665,366.3236389160156,321.9942626953125
131,-0.027874935418367386,0.20776218175888062,0.04822723567485809,0.0882374495267868,366.4239196777344,321.946044921875
130,-0.027723293751478195,0.20787768065929413,0.04832163080573082,0.0884224995970726,366.5235900878906,321.91168212890625
129,-0.027535008266568184,0.20801371335983276,0.04842212796211243,0.08861789107322693,366.62249755859375,321.956787109375
128,-0.027363929897546768,0.20812758803367615,0.048523418605327606,0.08880550414323807,366.7207336425781,322.0815734863281
127,-0.027300432324409485,0.2081448882818222,0.04858241602778435,0.08894199132919312,366.81842041015625,322.14300537109375
126,-0.027334600687026978,0.2080800086259842,0.04860036447644234,0.08903299272060394,366.91534423828125,322.07135009765625
125,-0.027379458770155907,0.20801952481269836,0.048611726611852646,0.08912292867898941,367.0115966796875,321.9519348144531
124,-0.027394166216254234,0.2079908698797226,0.04861747473478317,0.08922277390956879,367.10711669921875,321.8604431152344
123,-0.02732761949300766,0.20801107585430145,0.04867907986044884,0.08936134725809097,367.2019958496094,321.7817687988281
122,-0.02716294676065445,0.2080838829278946,0.048808954656124115,0.08954478800296783,367.296142578125,321.7313537597656
121,-0.026969382539391518,0.20816615223884583,0.04895927384495735,0.08973953127861023,367.3896484375,321.757080078125
120,-0.026792198419570923,0.20824205875396729,0.04909585788846016,0.08992692828178406,367.4825439453125,321.8376159667969
119,-0.026609783992171288,0.20832844078540802,0.04922250658273697,0.09011472761631012,367.5747375488281,321.8852844238281
118,-0.026372376829385757,0.2084435522556305,0.049381550401449203,0.09032551199197769,367.6661071777344,321.8861999511719
117,-0.02613797038793564,0.20855656266212463,0.04953518509864807,0.09053367376327515,367.7568054199219,321.88128662109375
116,-0.025981083512306213,0.20863918960094452,0.049646999686956406,0.09071464091539383,367.8467712402344,321.8778381347656
115,-0.025913994759321213,0.20867624878883362,0.04974523186683655,0.09087269008159637,367.9360656738281,321.8515319824219
114,-0.02583414688706398,0.20870770514011383,0.049861762672662735,0.09103560447692871,368.0246276855469,321.8038024902344
113,-0.02564624510705471,0.20879749953746796,0.05003892257809639,0.09124326705932617,368.112548828125,321.7527160644531
112,-0.025361157953739166,0.20895132422447205,0.05026126652956009,0.09149203449487686,368.19970703125,321.7399597167969
111,-0.025038179010152817,0.20912766456604004,0.0504932701587677,0.0917532667517662,368.28619384765625,321.783447265625
110,-0.024802330881357193,0.20924921333789825,0.05067778006196022,0.09197636693716049,368.3719482421875,321.81158447265625
109,-0.02475547045469284,0.20925672352313995,0.05072423443198204,0.09210565686225891,368.4570617675781,321.7912902832031
108,-0.024783072993159294,0.2092122882604599,0.05070263147354126,0.09219055622816086,368.5415344238281,321.7890625
107,-0.024690641090273857,0.2092406004667282,0.05075354501605034,0.09232986718416214,368.62530517578125,321.79913330078125
106,-0.024507496505975723,0.20931102335453033,0.05090658366680145,0.09252269566059113,368.7084045410156,321.7448425292969
105,-0.024330435320734978,0.20936082303524017,0.051080845296382904,0.09271571785211563,368.790771484375,321.6531066894531
104,-0.024152319878339767,0.20942337810993195,0.051253411918878555,0.09291283786296844,368.8724060058594,321.6317443847656
103,-0.02392830327153206,0.2095259428024292,0.05142240971326828,0.09312409907579422,368.953369140625,321.7023010253906
102,-0.02372489497065544,0.20962801575660706,0.05155874788761139,0.09332314878702164,369.03363037109375,321.7950134277344
101,-0.02355937846004963,0.20970803499221802,0.05167735368013382,0.09350723773241043,369.1132507324219,321.861083984375
100,-0.02336185611784458,0.2098240703344345,0.0518360361456871,0.09371946007013321,369.19207763671875,321.8879699707031
99,-0.02306513860821724,0.20999763906002045,0.052084214985370636,0.09398676455020905,369.2701721191406,321.89483642578125
98,-0.02263510599732399,0.21024101972579956,0.0524163655936718,0.0943123921751976,369.3475646972656,321.93231201171875
97,-0.022229943424463272,0.21045798063278198,0.052719760686159134,0.09461788833141327,369.42425537109375,321.9957580566406
96,-0.02211117371916771,0.21048492193222046,0.05282772332429886,0.09477876871824265,369.5002746582031,322.0203857421875
95,-0.022277947515249252,0.21033699810504913,0.05274362117052078,0.09480147063732147,369.5757141113281,321.9988098144531
94,-0.022422295063734055,0.2102074921131134,0.05265701189637184,0.0948302298784256,369.65057373046875,321.9788513183594
93,-0.02234490215778351,0.21024051308631897,0.05271540954709053,0.0949745923280716,369.7246398925781,321.96466064453125
92,-0.022089175879955292,0.21040061116218567,0.05288820341229439,0.09520995616912842,369.79791259765625,321.9605407714844
91,-0.021745609119534492,0.2106180489063263,0.05312524735927582,0.09549129009246826,369.87042236328125,321.951904296875
90,-0.021395623683929443,0.21081966161727905,0.05337899178266525,0.09577327966690063,369.9422302246094,321.9189453125
89,-0.021185552701354027,0.21091192960739136,0.05352219566702843,0.09597288817167282,370.0133056640625,321.9127197265625
88,-0.02109258621931076,0.21093051135540009,0.05357668921351433,0.09611131250858307,370.083740234375,321.9778747558594
87,-0.021001942455768585,0.21095487475395203,0.053643450140953064,0.09625628590583801,370.153564453125,322.04638671875
86,-0.02081180363893509,0.21104775369167328,0.05380857735872269,0.09646403044462204,370.22265625,322.02325439453125
85,-0.020451689139008522,0.21124403178691864,0.054115720093250275,0.09676460921764374,370.2909240722656,321.9684753417969
84,-0.019948255270719528,0.21151567995548248,0.054499246180057526,0.09712345153093338,370.3584289550781,321.9772033691406
83,-0.019520781934261322,0.21172870695590973,0.05480704829096794,0.09743209183216095,370.4252624511719,322.03424072265625
82,-0.019403740763664246,0.21176081895828247,0.0548735186457634,0.09758083522319794,370.49139404296875,322.0589294433594
81,-0.01954418048262596,0.21165069937705994,0.05476383864879608,0.09760840982198715,370.5569152832031,322.03887939453125
80,-0.019657347351312637,0.21156243979930878,0.05470157787203789,0.09766180068254471,370.621826171875,322.0103454589844
79,-0.01951736956834793,0.21161627769470215,0.054855767637491226,0.09785118699073792,370.6860656738281,321.985595703125
78,-0.019157150760293007,0.2117866575717926,0.05518784746527672,0.09815271198749542,370.7495422363281,321.9759216308594
77,-0.0187213197350502,0.2119964063167572,0.05556609109044075,0.09848722815513611,370.812255859375,321.988037109375
76,-0.01834326982498169,0.21217744052410126,0.05588104948401451,0.09878716617822647,370.874267578125,322.0002136230469
75,-0.018092455342411995,0.21228432655334473,0.05608687177300453,0.09901762753725052,370.93548583984375,322.0068359375
74,-0.017843499779701233,0.21239201724529266,0.05626858398318291,0.09923957288265228,370.9959716796875,322.03082275390625
73,-0.017503490671515465,0.2125612199306488,0.056510601192712784,0.09950815886259079,371.05572509765625,322.0575256347656
72,-0.017157653346657753,0.2127431482076645,0.05678987503051758,0.09979557245969772,371.11474609375,322.02838134765625
71,-0.01690409705042839,0.21288245916366577,0.05702105164527893,0.10004819184541702,371.1731262207031,321.9493103027344
70,-0.016675595194101334,0.21300268173217773,0.05723429098725319,0.10028687864542007,371.2308044433594,321.8926086425781
69,-0.016429850831627846,0.2131180465221405,0.057445961982011795,0.10052359849214554,371.287841796875,321.8757629394531
68,-0.016285913065075874,0.21314774453639984,0.05757904425263405,0.10069787502288818,371.34417724609375,321.8532409667969
67,-0.016212772578001022,0.2131405621767044,0.05766262859106064,0.10083901882171631,371.3998107910156,321.8201904296875
66,-0.01605575904250145,0.21319301426410675,0.05780579522252083,0.10102584958076477,371.4547119140625,321.80548095703125
65,-0.015779055655002594,0.21333201229572296,0.05802857130765915,0.1012764573097229,371.5088806152344,321.81036376953125
64,-0.015436395071446896,0.21350714564323425,0.058297090232372284,0.10155875235795975,371.5622863769531,321.8438720703125
63,-0.015089843422174454,0.21367481350898743,0.05855254828929901,0.10183362662792206,371.61505126953125,321.9095764160156
62,-0.014859525486826897,0.21377131342887878,0.05870523676276207,0.10204200446605682,371.6671447753906,321.9808349609375
61,-0.014782018959522247,0.2137906402349472,0.058742083609104156,0.10217611491680145,371.7186584472656,322.0243225097656
60,-0.014707026071846485,0.21381045877933502,0.058827683329582214,0.10232872515916824,371.7695007324219,322.0265808105469
59,-0.01452105026692152,0.2138984650373459,0.05901806429028511,0.10254780948162079,371.81951904296875,321.9873352050781
58,-0.014336491003632545,0.21398623287677765,0.059205152094364166,0.10276570171117783,371.8687744140625,321.9260559082031
57,-0.014272560365498066,0.21401001513004303,0.059306222945451736,0.10292577743530273,371.91729736328125,321.8582763671875
56,-0.014265643432736397,0.21399451792240143,0.05936294049024582,0.10305370390415192,371.9651794433594,321.76678466796875
55,-0.014068471267819405,0.21406790614128113,0.059543587267398834,0.1032642126083374,372.0124206542969,321.71160888671875
54,-0.013508874922990799,0.21431536972522736,0.05995997041463852,0.1036338210105896,372.0589294433594,321.7779846191406
53,-0.012780876830220222,0.21466168761253357,0.060499243438243866,0.10408951342105865,372.1045837402344,321.8793029785156
52,-0.012240679934620857,0.2149316966533661,0.060929976403713226,0.10447358340024948,372.1494140625,321.8728942871094
51,-0.011975837871432304,0.21506592631340027,0.061166826635599136,0.1047300398349762,372.1935119628906,321.80206298828125
50,-0.01184180099517107,0.21512340009212494,0.061294618993997574,0.10491478443145752,372.2369079589844,321.78515625
49,-0.0117509039118886,0.2151683121919632,0.061382777988910675,0.10507933795452118,372.2796630859375,321.78997802734375
48,-0.011590207926928997,0.21525602042675018,0.06153284013271332,0.10528449714183807,372.32177734375,321.7712097167969
47,-0.01125106867402792,0.21542492508888245,0.061804380267858505,0.10556873679161072,372.36309814453125,321.7650146484375
46,-0.010822420008480549,0.21563224494457245,0.06215602904558182,0.10589922964572906,372.4037170410156,321.78253173828125
45,-0.010410732589662075,0.21583569049835205,0.06249818950891495,0.10622474551200867,372.4434814453125,321.7889404296875
44,-0.009953094646334648,0.21606306731700897,0.06287118047475815,0.10657186806201935,372.4825439453125,321.7995300292969
43,-0.009423179551959038,0.21631792187690735,0.06328219920396805,0.1069449931383133,372.5209045410156,321.8544616699219
42,-0.008972481824457645,0.2165282517671585,0.06362959742546082,0.10727634280920029,372.5586242675781,321.9219665527344
41,-0.008608415722846985,0.21668708324432373,0.06392888724803925,0.10756902396678925,372.59564208984375,321.9452819824219
40,-0.008293415419757366,0.2168217897415161,0.06421705335378647,0.10784800350666046,372.6319885253906,321.8994140625
39,-0.008068421855568886,0.21690194308757782,0.06445132195949554,0.10808481276035309,372.6676330566406,321.82135009765625
38,-0.007924312725663185,0.21694299578666687,0.06462153792381287,0.1082814633846283,372.7025451660156,321.7720031738281
37,-0.007727527059614658,0.21701279282569885,0.064817875623703,0.10849976539611816,372.7367248535156,321.7747497558594
36,-0.007446091156452894,0.21712815761566162,0.0650687962770462,0.10875741392374039,372.77020263671875,321.792236328125
35,-0.0071384296752512455,0.21726727485656738,0.06532875448465347,0.10902809351682663,372.8029479980469,321.7975158691406
34,-0.006853803992271423,0.21740394830703735,0.06557320058345795,0.10929186642169952,372.8349914550781,321.7834167480469
33,-0.006574594881385565,0.217530757188797,0.06581686437129974,0.10955167561769485,372.8663330078125,321.7503662109375
32,-0.006234265863895416,0.21767482161521912,0.06610743701457977,0.10983692109584808,372.8969421386719,321.7260437011719
31,-0.00581209734082222,0.21785493195056915,0.06645923107862473,0.11016057431697845,372.9267883300781,321.7350158691406
30,-0.005377942696213722,0.21804946660995483,0.06682513654232025,0.11049562692642212,372.9558410644531,321.7572021484375
29,-0.004976884461939335,0.2182237058877945,0.06716486066579819,0.1108127161860466,372.98419189453125,321.7578125
28,-0.00463466439396143,0.21837076544761658,0.06746171414852142,0.11110248416662216,373.0118713378906,321.7415466308594
27,-0.004420621786266565,0.21844995021820068,0.06766762584447861,0.11132998019456863,373.0389709472656,321.7201232910156
26,-0.00431542843580246,0.2184716761112213,0.06780306249856949,0.11150719970464706,373.0653991699219,321.6867980957031
25,-0.0042043160647153854,0.21849697828292847,0.06795406341552734,0.11169199645519257,373.0911560058594,321.6562194824219
24,-0.003985938150435686,0.21857160329818726,0.06817883253097534,0.11192546784877777,373.1160888671875,321.6683349609375
23,-0.0036602942273020744,0.21869701147079468,0.06846701353788376,0.11220420151948929,373.1401672363281,321.7309265136719
22,-0.0033137546852231026,0.2188403159379959,0.06874794512987137,0.11248740553855896,373.16357421875,321.7939453125
21,-0.0030473549850285053,0.2189626842737198,0.0689665749669075,0.11273786425590515,373.1862487792969,321.80938720703125
20,-0.002876982558518648,0.21904677152633667,0.06912160664796829,0.11294817924499512,373.20831298828125,321.7868347167969
19,-0.002724161371588707,0.2191171795129776,0.0692722499370575,0.11315146088600159,373.2297058105469,321.76239013671875
18,-0.002475482877343893,0.21921250224113464,0.06951263546943665,0.11340023577213287,373.2503662109375,321.75909423828125
17,-0.002094333991408348,0.21935418248176575,0.06986390799283981,0.11371146142482758,373.2702941894531,321.7858581542969
16,-0.0016611814498901367,0.21951685845851898,0.07025089859962463,0.11404541879892349,373.2893981933594,321.8215637207031
15,-0.0012905937619507313,0.21965603530406952,0.07058492302894592,0.11434932053089142,373.3077087402344,321.82696533203125
14,-0.001028409693390131,0.2197553515434265,0.07082721590995789,0.1146012544631958,373.3253173828125,321.7980041503906
13,-0.0008357777260243893,0.21983183920383453,0.07101643085479736,0.11482320725917816,373.3422546386719,321.7649230957031
12,-0.0006746076978743076,0.21990253031253815,0.07118584215641022,0.11503510922193527,373.3584899902344,321.73956298828125
11,-0.0005037435330450535,0.21997730433940887,0.07136524468660355,0.11525272578001022,373.3739318847656,321.7322082519531
10,-0.0002970234490931034,0.2200641930103302,0.07156645506620407,0.11548396944999695,373.388671875,321.754638671875
9,-9.766966104507446e-05,0.22014977037906647,0.0717567726969719,0.11571052670478821,373.40264892578125,321.78289794921875
8,2.1698884665966034e-05,0.2202039361000061,0.07188397645950317,0.11589958518743515,373.416015625,321.779541015625
7,8.432893082499504e-05,0.22023813426494598,0.07197150588035583,0.11606497317552567,373.4287414550781,321.7371520996094
6,0.00016890931874513626,0.2202824503183365,0.07208216935396194,0.11624367535114288,373.4407043457031,321.66925048828125
5,0.0002981536090373993,0.2203456163406372,0.07223601639270782,0.11644721031188965,373.451904296875,321.58587646484375
4,0.00044880202040076256,0.22041809558868408,0.07240749150514603,0.11666160821914673,373.4623107910156,321.506591796875
3,0.0006005037575960159,0.22049300372600555,0.07257603108882904,0.11687593162059784,373.4718322753906,321.4525146484375
2,0.0007426147349178791,0.2205623984336853,0.072733573615551,0.1170838251709938,373.48052978515625,321.4217834472656
1,0.0008819438517093658,0.22063103318214417,0.07288604974746704,0.11728949099779129,373.48834228515625,321.40362548828125
0,0.0010517854243516922,0.22071653604507446,0.07306242734193802,0.11751158535480499,373.2710876464844,321.3998718261719
